chain,contract_address,evt_tx_hash,evt_tx_from,evt_tx_to,evt_index,evt_block_time,evt_block_number,evt_block_date,collateralAsset,debtAsset,user,debtToCover,liquidatedCollateralAmount,liquidator,receiveAToken,debtAsset_price,collateral_symbol,debt_symbol,liquidated_collateral_amount,debt_amount
ethereum,0x87870bca3f3fd6335c3f4ce8392d69350b4fa4e2,0x8dbfceecb8f1a053e94020519107e4d17ade872e0c6dc74d0d06df80ce067a7c,,,44,2025-02-02 03:12:23.000 UTC,21756070,,0xc02aaa39b223fe8d0a0e5c4f27ead9083c756cc2,0xdac17f958d2ee523a2206206994597c13d831ec7,0x2a61acae3dc28ded1a288c8564989f23dacd34a9,3101724834,1045011161987325220,0x03bd055aaa45286465e668ad22adc0320ca00003,false,1.000904,WETH,USDT,1.0450111619873252,3101.724834
ethereum,0x87870bca3f3fd6335c3f4ce8392d69350b4fa4e2,0x1bf4b5da231744195d9465b7dc79851a60ba608973c44acd75b59320569ae695,,,16,2025-02-02 03:12:23.000 UTC,21756070,,0xc02aaa39b223fe8d0a0e5c4f27ead9083c756cc2,0xa0b86991c6218b36c1d19d4a2e9eb0ce3606eb48,0x6caec49ceb9f9346dbc74a65e818eb95a66ab9d4,58474430279,19704763689100324689,0x03bd055aaa45286465e668ad22adc0320ca00003,false,1.00058,WETH,USDC,19.704763689100325,58474.430279
ethereum,0x87870bca3f3fd6335c3f4ce8392d69350b4fa4e2,0x61906295ef1bd5f0346e0022c1f565d78e107e799059ad8db5f633b77393a791,,,17,2025-02-02 03:18:23.000 UTC,21756100,,0xc02aaa39b223fe8d0a0e5c4f27ead9083c756cc2,0xdac17f958d2ee523a2206206994597c13d831ec7,0x82711e6c2d9afaa0536346356e8e66a01cf7cf44,53305337524,18057781705783028744,0xb441dea845a1a03a3e7aee81c03662fd9a1b6fda,false,1.000331,WETH,USDT,18.05778170578303,53305.337524
ethereum,0x87870bca3f3fd6335c3f4ce8392d69350b4fa4e2,0xe91c56dc1ec77601d08e08501ff387d019ed0bf89bad5d3216bdab4a6a580625,,,650,2025-02-02 03:43:47.000 UTC,21756227,,0xc02aaa39b223fe8d0a0e5c4f27ead9083c756cc2,0x40d16fc0246ad3160ccc09b8d0d3a2cd28ae6c2f,0x3c64d887d146138c5df6fcce7870d07cf45d6932,74680764554216685725,25303445074645425,0xbbf4fa564a9d9f83f7bd2080262831d129b4b867,false,1.000213,WETH,GHO,0.025303445074645423,74.68076455421668
ethereum,0x87870bca3f3fd6335c3f4ce8392d69350b4fa4e2,0xbcf632b837edcba92a02f98d5091a8b534ff2dd1dfb48e05362aa2c7278fe578,,,218,2025-02-02 04:41:11.000 UTC,21756512,,0xc02aaa39b223fe8d0a0e5c4f27ead9083c756cc2,0xa0b86991c6218b36c1d19d4a2e9eb0ce3606eb48,0xf773207929094d1997a6245b4661406c67318510,54062723,18225566691271434,0xbbf4fa564a9d9f83f7bd2080262831d129b4b867,false,1.001557,WETH,USDC,0.01822556669127143,54.062723
ethereum,0x87870bca3f3fd6335c3f4ce8392d69350b4fa4e2,0x24a6e7e6eef3b30b3c15c138f0e090688325c19ca3a90b56633b6cce3cffa625,,,16,2025-02-02 11:36:47.000 UTC,21758570,,0xc02aaa39b223fe8d0a0e5c4f27ead9083c756cc2,0xdac17f958d2ee523a2206206994597c13d831ec7,0x99e77220914adefb46d0b2380a31ce19333d4481,21132577780,7204039088003547729,0x03bd055aaa45286465e668ad22adc0320ca00003,false,1.000757,WETH,USDT,7.204039088003548,21132.57778
ethereum,0x87870bca3f3fd6335c3f4ce8392d69350b4fa4e2,0x3aa6926dd9dbb827f8b6078f17d8c9015bd036d01d92f5c0802e17b3677732dd,,,18,2025-02-02 16:36:59.000 UTC,21760062,,0xc02aaa39b223fe8d0a0e5c4f27ead9083c756cc2,0xdac17f958d2ee523a2206206994597c13d831ec7,0xc29f7dea7a9bbb85bde83d97233e0dfa336278d5,3665648670,1260679764157145877,0x681d0d7196a036661b354fa2a7e3b73c2adc43ec,false,1.000693,WETH,USDT,1.2606797641571459,3665.64867
ethereum,0x87870bca3f3fd6335c3f4ce8392d69350b4fa4e2,0xf5deca5cd92b6570f321b18c282215781bd2e4d09e7037ff60509a8a005b8765,,,17,2025-02-02 16:48:59.000 UTC,21760120,,0xc02aaa39b223fe8d0a0e5c4f27ead9083c756cc2,0xa0b86991c6218b36c1d19d4a2e9eb0ce3606eb48,0x901bd9ef18da00b43985b608ee831a79c4070c30,83444555776,28700392355559818252,0xe08d97e151473a848c3d9ca3f323cb720472d015,false,1.00052,WETH,USDC,28.700392355559817,83444.555776
ethereum,0x87870bca3f3fd6335c3f4ce8392d69350b4fa4e2,0xd10e19956fc55aedb7d1354d17fb819430c9473060f71126dac33b9042b60a43,,,69,2025-02-02 16:49:35.000 UTC,21760123,,0xc02aaa39b223fe8d0a0e5c4f27ead9083c756cc2,0xdc035d45d973e3ec169d2276ddab16f1e407384f,0x1b82ee88a4921827b9c2e5ab24c9df260f2297cf,2171389658901986997151,750632121308641830,0x9d6b911199b891c55a93e4bc635bf59e33d002d8,false,1.001336,WETH,USDS,0.7506321213086418,2171.389658901987
ethereum,0x87870bca3f3fd6335c3f4ce8392d69350b4fa4e2,0x1c37b67ebe2d52d0b7acc0a852cc78cf8d4e3ac716af17a5aa2aab96f8ca39a1,,,170,2025-02-02 16:57:35.000 UTC,21760163,,0xc02aaa39b223fe8d0a0e5c4f27ead9083c756cc2,0xdac17f958d2ee523a2206206994597c13d831ec7,0x72074b95f5d0afeb7172a68337050f9a51f1b33e,17563417723,6102466567854307487,0x13cf8829d2eaf6a70a33c6b9bb67b6c2f5d135be,false,1.000641,WETH,USDT,6.102466567854307,17563.417723
ethereum,0x87870bca3f3fd6335c3f4ce8392d69350b4fa4e2,0x5b9dd22f2a11b78fb2773ab68a8be65e93fc434c87d6ac2b96b8e71706196cfb,,,109,2025-02-02 16:57:35.000 UTC,21760163,,0xc02aaa39b223fe8d0a0e5c4f27ead9083c756cc2,0xa0b86991c6218b36c1d19d4a2e9eb0ce3606eb48,0x946fd776bde2a6647a5a307835d1a5be543581a6,976965674535,339477946645140231282,0x13cf8829d2eaf6a70a33c6b9bb67b6c2f5d135be,false,1.000615,WETH,USDC,339.4779466451402,976965.674535
ethereum,0x87870bca3f3fd6335c3f4ce8392d69350b4fa4e2,0x4f1d073bf713d5ba6996ad5ef7643388215d0753b03b2106841b82497f9fcf2b,,,238,2025-02-02 16:57:35.000 UTC,21760163,,0xc02aaa39b223fe8d0a0e5c4f27ead9083c756cc2,0xdac17f958d2ee523a2206206994597c13d831ec7,0x852da1c7fb0d406aade8f51ad3e5574015cb4666,1244174683,432292537097463818,0x13cf8829d2eaf6a70a33c6b9bb67b6c2f5d135be,false,1.000641,WETH,USDT,0.4322925370974638,1244.174683
ethereum,0x87870bca3f3fd6335c3f4ce8392d69350b4fa4e2,0x56381b4c0f656aff2e04703f90d983c7e1fdceb0343168953efdf62390c4d933,,,61,2025-02-02 17:35:59.000 UTC,21760353,,0xc02aaa39b223fe8d0a0e5c4f27ead9083c756cc2,0xa0b86991c6218b36c1d19d4a2e9eb0ce3606eb48,0x9fc5ef73ec7e7960c43034e46e3fea1a84d85324,4088957104,1431453396219203165,0x03bd055aaa45286465e668ad22adc0320ca00003,false,1.000759,WETH,USDC,1.431453396219203,4088.957104
ethereum,0x87870bca3f3fd6335c3f4ce8392d69350b4fa4e2,0xff0806cd832ec1082bd108141a81c15265ee960185d911576231804c4e812653,,,39,2025-02-02 17:35:59.000 UTC,21760353,,0xc02aaa39b223fe8d0a0e5c4f27ead9083c756cc2,0xa0b86991c6218b36c1d19d4a2e9eb0ce3606eb48,0xbf254fd8a8ae293c5460ada5f1a8a785f98839b2,4680431883,1638515627405072956,0x03bd055aaa45286465e668ad22adc0320ca00003,false,1.000759,WETH,USDC,1.638515627405073,4680.431883
ethereum,0x87870bca3f3fd6335c3f4ce8392d69350b4fa4e2,0x3a98d7dd0898429618d30a8d1dfe07b680067ec4dc3ed029ddcc5d0494baef19,,,91,2025-02-02 17:35:59.000 UTC,21760353,,0xc02aaa39b223fe8d0a0e5c4f27ead9083c756cc2,0xdac17f958d2ee523a2206206994597c13d831ec7,0xde092a220313cede58750434b66d46b5ff494cbb,1189291484,416310231580966183,0xeffca1adb9bc329b7bc53b1d3b2d3ed46e11f2dc,false,1.000198,WETH,USDT,0.4163102315809662,1189.291484
ethereum,0x87870bca3f3fd6335c3f4ce8392d69350b4fa4e2,0xf5b7198271b115d508cdc84f49c15aaf204a84b8066772e55811cd887d5fd18f,,,134,2025-02-02 18:38:11.000 UTC,21760664,,0xc02aaa39b223fe8d0a0e5c4f27ead9083c756cc2,0xa0b86991c6218b36c1d19d4a2e9eb0ce3606eb48,0xbc1b03b672323a89dc1516e278ff9a02a975f2a5,600926131,212472158490999952,0x00000000009e50a7ddb7a7b0e2ee6604fd120e49,false,1.00069,WETH,USDC,0.21247215849099993,600.926131
ethereum,0x87870bca3f3fd6335c3f4ce8392d69350b4fa4e2,0xf5b7198271b115d508cdc84f49c15aaf204a84b8066772e55811cd887d5fd18f,,,149,2025-02-02 18:38:11.000 UTC,21760664,,0xc02aaa39b223fe8d0a0e5c4f27ead9083c756cc2,0xdac17f958d2ee523a2206206994597c13d831ec7,0x1037eff242bd3181beb54e0521b3edfeb0b20c50,498777447,176340417652205819,0x00000000009e50a7ddb7a7b0e2ee6604fd120e49,false,1.000485,WETH,USDT,0.17634041765220582,498.777447
ethereum,0x87870bca3f3fd6335c3f4ce8392d69350b4fa4e2,0xf9883ea01c6568e7d454beb235acecb2fd10372355b7137a82f493705300b7fa,,,230,2025-02-02 18:38:59.000 UTC,21760668,,0xc02aaa39b223fe8d0a0e5c4f27ead9083c756cc2,0xa0b86991c6218b36c1d19d4a2e9eb0ce3606eb48,0x6dcb572ebdd8d666f996a0aba774aeb0b7c8e285,4885825821,1742306114713868206,0xb441dea845a1a03a3e7aee81c03662fd9a1b6fda,false,1.00069,WETH,USDC,1.7423061147138683,4885.825821
ethereum,0x87870bca3f3fd6335c3f4ce8392d69350b4fa4e2,0xa829516981da0cb843cc7c534741ad3d9fc1a504a4b79395ab77488981da1d22,,,197,2025-02-02 18:38:59.000 UTC,21760668,,0xc02aaa39b223fe8d0a0e5c4f27ead9083c756cc2,0xdac17f958d2ee523a2206206994597c13d831ec7,0x8ac4b240f1480f765f258fda02dd7e7b8764fa6d,15702104403,5598974091009846048,0xb441dea845a1a03a3e7aee81c03662fd9a1b6fda,false,1.000485,WETH,USDT,5.598974091009846,15702.104403
ethereum,0x87870bca3f3fd6335c3f4ce8392d69350b4fa4e2,0x75e55fa48285b1b0de9150f6760cf2b5c7eec4bd5d9aafd732b1bd5fc155c1cb,,,64,2025-02-02 18:38:59.000 UTC,21760668,,0xc02aaa39b223fe8d0a0e5c4f27ead9083c756cc2,0xa0b86991c6218b36c1d19d4a2e9eb0ce3606eb48,0xd7852ef8b57ebc7aa7e38e772f69baf27ca0ee4c,40599314319,14477886888056545414,0x8ce45e650ab17b6ca0dd6071f7c2b5c69b5b42b2,false,1.00069,WETH,USDC,14.477886888056545,40599.314319
ethereum,0x87870bca3f3fd6335c3f4ce8392d69350b4fa4e2,0x69f4b7e10118f8cb5a2352121fea796b4315c0e1a84c3bffc5c0cb69cc4a4697,,,17,2025-02-02 18:38:59.000 UTC,21760668,,0xc02aaa39b223fe8d0a0e5c4f27ead9083c756cc2,0xdac17f958d2ee523a2206206994597c13d831ec7,0x6caec49ceb9f9346dbc74a65e818eb95a66ab9d4,40596480985,14475680417572681106,0xb441dea845a1a03a3e7aee81c03662fd9a1b6fda,false,1.000485,WETH,USDT,14.475680417572681,40596.480985
ethereum,0x87870bca3f3fd6335c3f4ce8392d69350b4fa4e2,0x6c196430c21cff40702caa3eba208271819b772d109af31506d0952554953c2b,,,672,2025-02-02 18:39:11.000 UTC,21760669,,0xc02aaa39b223fe8d0a0e5c4f27ead9083c756cc2,0xdac17f958d2ee523a2206206994597c13d831ec7,0x97fde50b2a4dc9b5bc67ed7d32c1411a4464469e,945310576,337073890679925189,0xeffca1adb9bc329b7bc53b1d3b2d3ed46e11f2dc,false,1.000485,WETH,USDT,0.33707389067992516,945.310576
ethereum,0x87870bca3f3fd6335c3f4ce8392d69350b4fa4e2,0x717dcbe8c37fb90996e0a0694db4ce6a477e53ecc644f1da4acd7e73d3c8c393,,,156,2025-02-02 18:39:11.000 UTC,21760669,,0xc02aaa39b223fe8d0a0e5c4f27ead9083c756cc2,0xa0b86991c6218b36c1d19d4a2e9eb0ce3606eb48,0x50cbab3cf6173e8c6a11201c94784adfb727d131,2155076399,768509342169863654,0x05c45c965a96af8b846cc3025066d5680f31ca52,false,1.00069,WETH,USDC,0.7685093421698637,2155.076399
ethereum,0x87870bca3f3fd6335c3f4ce8392d69350b4fa4e2,0x717dcbe8c37fb90996e0a0694db4ce6a477e53ecc644f1da4acd7e73d3c8c393,,,132,2025-02-02 18:39:11.000 UTC,21760669,,0xc02aaa39b223fe8d0a0e5c4f27ead9083c756cc2,0xdac17f958d2ee523a2206206994597c13d831ec7,0xc550b7d0f722ae0ddd986e4edf75f106bddb1499,2218938016,791217287968556582,0x05c45c965a96af8b846cc3025066d5680f31ca52,false,1.000485,WETH,USDT,0.7912172879685565,2218.938016
ethereum,0x87870bca3f3fd6335c3f4ce8392d69350b4fa4e2,0x11c84506746f4c182136ee3d8cbda26fdbf88d188b644a9a5151ce01eb7e4b0a,,,333,2025-02-02 19:16:35.000 UTC,21760855,,0xc02aaa39b223fe8d0a0e5c4f27ead9083c756cc2,0x2260fac5e5542a773aa44fbcfedf7c193bc2c599,0x25514f826f80b9114e020919337958f662a3c8f3,4502556,1571514170701706553,0xed0c66f41b1f588f61629ae7be979f004363f8a4,false,97464.07,WETH,WBTC,1.5715141707017064,0.04502556
ethereum,0x87870bca3f3fd6335c3f4ce8392d69350b4fa4e2,0x61b14031516e7a2249dacf9ca08c7816dab6bd8a2f18fd18ae69533c8e2b8a81,,,292,2025-02-02 19:16:35.000 UTC,21760855,,0xc02aaa39b223fe8d0a0e5c4f27ead9083c756cc2,0xa0b86991c6218b36c1d19d4a2e9eb0ce3606eb48,0x51f8850624e6ff3b9dc69eb2f7150dd09e626b48,2652517565,953713161881226889,0xed0c66f41b1f588f61629ae7be979f004363f8a4,false,1.00182,WETH,USDC,0.9537131618812269,2652.517565
ethereum,0x87870bca3f3fd6335c3f4ce8392d69350b4fa4e2,0xb3f9d3d947e805fdff0fb81886dec91db2d8bc179d905d13de7d011b5600178a,,,308,2025-02-02 19:16:35.000 UTC,21760855,,0xc02aaa39b223fe8d0a0e5c4f27ead9083c756cc2,0xa0b86991c6218b36c1d19d4a2e9eb0ce3606eb48,0xfee3302575492a3063de513e9223d74667139957,4321293904,1553721991131060023,0xed0c66f41b1f588f61629ae7be979f004363f8a4,false,1.00182,WETH,USDC,1.55372199113106,4321.293904
ethereum,0x87870bca3f3fd6335c3f4ce8392d69350b4fa4e2,0xba3c6b251a508d6018f9d5612016e7092f8a362f7fbd745f465990436c47e868,,,73,2025-02-02 19:16:35.000 UTC,21760855,,0xc02aaa39b223fe8d0a0e5c4f27ead9083c756cc2,0xdac17f958d2ee523a2206206994597c13d831ec7,0xea39f5ed1e47308d8affe905a344675e07757049,131057201643,47117746912010998488,0xed0c66f41b1f588f61629ae7be979f004363f8a4,false,1.000699,WETH,USDT,47.117746912011,131057.201643
ethereum,0x87870bca3f3fd6335c3f4ce8392d69350b4fa4e2,0x523d0262da1886e18d716b69967178b4edc5f5d26d7a55f3231950791a9dba74,,,193,2025-02-02 19:16:35.000 UTC,21760855,,0xc02aaa39b223fe8d0a0e5c4f27ead9083c756cc2,0xdac17f958d2ee523a2206206994597c13d831ec7,0xefab75b7b199bf8512e2d5b379374cb94dfdba47,12563105739,4516693697241411830,0xed0c66f41b1f588f61629ae7be979f004363f8a4,false,1.000699,WETH,USDT,4.516693697241411,12563.105739
ethereum,0x87870bca3f3fd6335c3f4ce8392d69350b4fa4e2,0x153f6e3b726bc91c77288276e53ce8feb7bf5c6891cb78936a1d0c5267861c2e,,,246,2025-02-02 19:16:35.000 UTC,21760855,,0xc02aaa39b223fe8d0a0e5c4f27ead9083c756cc2,0xdac17f958d2ee523a2206206994597c13d831ec7,0x746c3dceca05935f0f3f4c4029d662b1931cee8c,9001722172,3236303398480109864,0xed0c66f41b1f588f61629ae7be979f004363f8a4,false,1.000699,WETH,USDT,3.23630339848011,9001.722172
ethereum,0x87870bca3f3fd6335c3f4ce8392d69350b4fa4e2,0x62af616f171248fe59f7f5b54619dcb60f902719ea3f9f70966c6fc732c447d1,,,271,2025-02-02 19:16:35.000 UTC,21760855,,0xc02aaa39b223fe8d0a0e5c4f27ead9083c756cc2,0xdac17f958d2ee523a2206206994597c13d831ec7,0x9b7bab09343a26f210d5c90982852ba778b9ac6c,3251401239,1168945306080275228,0xed0c66f41b1f588f61629ae7be979f004363f8a4,false,1.000699,WETH,USDT,1.1689453060802752,3251.401239
ethereum,0x87870bca3f3fd6335c3f4ce8392d69350b4fa4e2,0xccf12c7fb07286dbe18eb98b07443a55c01bc529cdd396f807ddaa204da31ec1,,,221,2025-02-02 19:16:35.000 UTC,21760855,,0xc02aaa39b223fe8d0a0e5c4f27ead9083c756cc2,0x40d16fc0246ad3160ccc09b8d0d3a2cd28ae6c2f,0x01acb3804ba9c42111c6e9c127831eb486ca1ac7,9827003053257557499474,3533336380877293260,0xed0c66f41b1f588f61629ae7be979f004363f8a4,false,1.001152,WETH,GHO,3.533336380877293,9827.003053257557
ethereum,0x87870bca3f3fd6335c3f4ce8392d69350b4fa4e2,0x4e5a81031768f069c5877294252823b30fb53ff372ee0c59f9b3dc79875ad988,,,182,2025-02-02 19:16:47.000 UTC,21760856,,0xc02aaa39b223fe8d0a0e5c4f27ead9083c756cc2,0xdac17f958d2ee523a2206206994597c13d831ec7,0xbc8caee5648a393ce0cbf29e639fb7c4c6085855,1261046232,453371935756532374,0x681d0d7196a036661b354fa2a7e3b73c2adc43ec,false,1.000699,WETH,USDT,0.45337193575653234,1261.046232
ethereum,0x87870bca3f3fd6335c3f4ce8392d69350b4fa4e2,0x6559b50b00ab9c0a6be96a01166eed12fcd6c4c63a001cea9caccdd33e1cb636,,,377,2025-02-02 19:16:47.000 UTC,21760856,,0xc02aaa39b223fe8d0a0e5c4f27ead9083c756cc2,0xa0b86991c6218b36c1d19d4a2e9eb0ce3606eb48,0xb7e30a0bad59485e76381df13b1d5a9469eafb68,1394318070,501327309856223268,0x00000000009e50a7ddb7a7b0e2ee6604fd120e49,false,1.00182,WETH,USDC,0.5013273098562233,1394.31807
ethereum,0x87870bca3f3fd6335c3f4ce8392d69350b4fa4e2,0x9004f7d2c23148e56eb2f29bd0dace30406287e2a9a2da0db5d8a3e382a81403,,,109,2025-02-02 19:16:47.000 UTC,21760856,,0xc02aaa39b223fe8d0a0e5c4f27ead9083c756cc2,0xdac17f958d2ee523a2206206994597c13d831ec7,0xb5b06989b005316588f3292e8cde799ddd484c03,1786527558,642293229779739483,0x05c45c965a96af8b846cc3025066d5680f31ca52,false,1.000699,WETH,USDT,0.6422932297797396,1786.527558
ethereum,0x87870bca3f3fd6335c3f4ce8392d69350b4fa4e2,0x6fd512a7a86477ae1c1fb9b9a5dff24da705ef7dbba4fa2367749af09ef13f0c,,,283,2025-02-02 19:42:59.000 UTC,21760986,,0xc02aaa39b223fe8d0a0e5c4f27ead9083c756cc2,0x111111111117dc0aa78b770fa6a738034120c302,0x572372831a9d6b2e3ee8fa284505599e6125fea9,15167190736911011414016,1475145807637301957,0x00000000009e50a7ddb7a7b0e2ee6604fd120e49,false,0.273442,WETH,1INCH,1.475145807637302,15167.190736911012
ethereum,0x87870bca3f3fd6335c3f4ce8392d69350b4fa4e2,0x6fd512a7a86477ae1c1fb9b9a5dff24da705ef7dbba4fa2367749af09ef13f0c,,,283,2025-02-02 19:42:59.000 UTC,21760986,,0xc02aaa39b223fe8d0a0e5c4f27ead9083c756cc2,0x111111111117dc0aa78b770fa6a738034120c302,0x572372831a9d6b2e3ee8fa284505599e6125fea9,15167190736911011414016,1475145807637301957,0x00000000009e50a7ddb7a7b0e2ee6604fd120e49,false,0.273442,WETH,1INCH,1.475145807637302,15167.190736911012
ethereum,0x87870bca3f3fd6335c3f4ce8392d69350b4fa4e2,0xca4506de087e686cdba2c663bf39310e16ceaed128e3960002adc59f17e7c901,,,394,2025-02-02 20:18:47.000 UTC,21761163,,0xc02aaa39b223fe8d0a0e5c4f27ead9083c756cc2,0xdac17f958d2ee523a2206206994597c13d831ec7,0x86a6290debbf80e8252fa60469f0759357b2b1f0,410644431,144225044711311619,0xbbf4fa564a9d9f83f7bd2080262831d129b4b867,false,0.999975,WETH,USDT,0.14422504471131162,410.644431
ethereum,0x87870bca3f3fd6335c3f4ce8392d69350b4fa4e2,0x1198a55c85a80c499c98e56396e6058ec1f09141ae2c410b2510d671d81662b8,,,186,2025-02-02 20:36:47.000 UTC,21761252,,0xc02aaa39b223fe8d0a0e5c4f27ead9083c756cc2,0xdac17f958d2ee523a2206206994597c13d831ec7,0x7739f8020626306c6581ef4e43e656469497b398,335029138,118308269859901266,0x00000000009e50a7ddb7a7b0e2ee6604fd120e49,false,1.00043,WETH,USDT,0.11830826985990127,335.029138
ethereum,0x87870bca3f3fd6335c3f4ce8392d69350b4fa4e2,0x094d788b962cd73b2c6414b7554886d4a2850630501aa773cc3d96b6ec9a0f56,,,442,2025-02-02 20:36:59.000 UTC,21761253,,0xc02aaa39b223fe8d0a0e5c4f27ead9083c756cc2,0xdac17f958d2ee523a2206206994597c13d831ec7,0x46c11062b48156f8836a8977469f7ded905bf7c8,315045942,111251637833371982,0x81463b0f960f247f704377661ec81c1fd65b5128,false,1.00043,WETH,USDT,0.11125163783337198,315.045942
ethereum,0x87870bca3f3fd6335c3f4ce8392d69350b4fa4e2,0x9631afde389f4f735c1be0bfdf8f6deba543c06a0dc095ec28237652632c4348,,,19,2025-02-02 21:01:11.000 UTC,21761374,,0xc02aaa39b223fe8d0a0e5c4f27ead9083c756cc2,0x4c9edd5852cd905f086c759e8383e09bff1e68b3,0x170629af11be0c0a7ce9e5c5a5c03368572a4fb0,606951848013977354240,215673809242637788,0x00000000009e50a7ddb7a7b0e2ee6604fd120e49,false,0.999828,WETH,USDe,0.2156738092426378,606.9518480139774
ethereum,0x87870bca3f3fd6335c3f4ce8392d69350b4fa4e2,0x9631afde389f4f735c1be0bfdf8f6deba543c06a0dc095ec28237652632c4348,,,66,2025-02-02 21:01:11.000 UTC,21761374,,0xc02aaa39b223fe8d0a0e5c4f27ead9083c756cc2,0xdac17f958d2ee523a2206206994597c13d831ec7,0x9199486aa7a33aec905b9888e85c9ed4cd9f3398,706648387,250993975007589669,0x00000000009e50a7ddb7a7b0e2ee6604fd120e49,false,1.000309,WETH,USDT,0.2509939750075897,706.648387
ethereum,0x87870bca3f3fd6335c3f4ce8392d69350b4fa4e2,0x0099cab7dbb47b8711e8b528b05170779ffff90e5b9ae4ca28d91da35ac281a1,,,302,2025-02-02 21:05:23.000 UTC,21761395,,0xc02aaa39b223fe8d0a0e5c4f27ead9083c756cc2,0xa0b86991c6218b36c1d19d4a2e9eb0ce3606eb48,0x1ce45150f4a270d414b5375fef79e257aebebb1b,226421848,80429272148059800,0xbbf4fa564a9d9f83f7bd2080262831d129b4b867,false,1.000679,WETH,USDC,0.08042927214805981,226.421848
ethereum,0x87870bca3f3fd6335c3f4ce8392d69350b4fa4e2,0x4d3460b5290de9ef6f882250f2489120c99d640bac5b7238fe5e1fde1aecf8ad,,,159,2025-02-02 21:10:47.000 UTC,21761422,,0xc02aaa39b223fe8d0a0e5c4f27ead9083c756cc2,0xdac17f958d2ee523a2206206994597c13d831ec7,0xfff6cc1339ed41e8c96dbddcafe314af7a7f9398,209514670,74417377599849240,0x681d0d7196a036661b354fa2a7e3b73c2adc43ec,false,1.000333,WETH,USDT,0.07441737759984925,209.51467
ethereum,0x87870bca3f3fd6335c3f4ce8392d69350b4fa4e2,0x687ef8c5bb76e856ba3b7d6aa40c2372bd0c09cb9a81e6bf706bac10876ef626,,,331,2025-02-02 21:10:59.000 UTC,21761423,,0xc02aaa39b223fe8d0a0e5c4f27ead9083c756cc2,0xdac17f958d2ee523a2206206994597c13d831ec7,0x29ea1b2b2a8f8265b1e78dca3f97f00a448af3a3,199742341,70946350500778052,0x681d0d7196a036661b354fa2a7e3b73c2adc43ec,false,1.000333,WETH,USDT,0.07094635050077805,199.742341
ethereum,0x87870bca3f3fd6335c3f4ce8392d69350b4fa4e2,0x11404d0e3168b2a1eff9e97b80324539bab3dcd056948e6ee7515181b3a2c5c9,,,110,2025-02-02 21:29:23.000 UTC,21761514,,0xc02aaa39b223fe8d0a0e5c4f27ead9083c756cc2,0xa0b86991c6218b36c1d19d4a2e9eb0ce3606eb48,0x186b80c05e14dfa3aa483378d1bb8f479274b75b,539257681,192963709897237658,0xeffca1adb9bc329b7bc53b1d3b2d3ed46e11f2dc,false,1.000625,WETH,USDC,0.19296370989723766,539.257681
ethereum,0x87870bca3f3fd6335c3f4ce8392d69350b4fa4e2,0xb1bbe2f2c556d03b69a2e0b788699e7f9d8f3d0cb399e61b7c7ff9c9fc7444b6,,,169,2025-02-02 21:29:35.000 UTC,21761515,,0xc02aaa39b223fe8d0a0e5c4f27ead9083c756cc2,0xdac17f958d2ee523a2206206994597c13d831ec7,0x5874333fe10fe94c08db392bc7b1b59f768c7ec4,505545228,180885365817850509,0x81463b0f960f247f704377661ec81c1fd65b5128,false,1.000317,WETH,USDT,0.1808853658178505,505.545228
ethereum,0x87870bca3f3fd6335c3f4ce8392d69350b4fa4e2,0x9c228ddb3fa8653be1713ba80c906a5457a423a06fea521ab327aa06bccde3c1,,,146,2025-02-02 21:35:11.000 UTC,21761543,,0xc02aaa39b223fe8d0a0e5c4f27ead9083c756cc2,0xcbb7c0000ab88b473b1f5afd9ef808440eed33bf,0x5248851c6c75afc4454544fe400cb379ace3a688,250037,87137897348465686,0xbbf4fa564a9d9f83f7bd2080262831d129b4b867,false,97280.89,WETH,cbBTC,0.08713789734846568,0.00250037
ethereum,0x87870bca3f3fd6335c3f4ce8392d69350b4fa4e2,0x9c228ddb3fa8653be1713ba80c906a5457a423a06fea521ab327aa06bccde3c1,,,146,2025-02-02 21:35:11.000 UTC,21761543,,0xc02aaa39b223fe8d0a0e5c4f27ead9083c756cc2,0xcbb7c0000ab88b473b1f5afd9ef808440eed33bf,0x5248851c6c75afc4454544fe400cb379ace3a688,250037,87137897348465686,0xbbf4fa564a9d9f83f7bd2080262831d129b4b867,false,97280.89,WETH,cbBTC,0.08713789734846568,0.00250037
ethereum,0x87870bca3f3fd6335c3f4ce8392d69350b4fa4e2,0x9c228ddb3fa8653be1713ba80c906a5457a423a06fea521ab327aa06bccde3c1,,,146,2025-02-02 21:35:11.000 UTC,21761543,,0xc02aaa39b223fe8d0a0e5c4f27ead9083c756cc2,0xcbb7c0000ab88b473b1f5afd9ef808440eed33bf,0x5248851c6c75afc4454544fe400cb379ace3a688,250037,87137897348465686,0xbbf4fa564a9d9f83f7bd2080262831d129b4b867,false,97280.89,WETH,cbBTC,0.08713789734846568,0.00250037
ethereum,0x87870bca3f3fd6335c3f4ce8392d69350b4fa4e2,0x7f819d411b4fb8f0d250be6f89ee750866cd42d9e12a6f4331286614624aed83,,,69,2025-02-02 21:42:35.000 UTC,21761580,,0xc02aaa39b223fe8d0a0e5c4f27ead9083c756cc2,0xa0b86991c6218b36c1d19d4a2e9eb0ce3606eb48,0xe705c850c2b4082d5a71c64b6271992a986b8678,1079792223,388916525303030376,0xeffca1adb9bc329b7bc53b1d3b2d3ed46e11f2dc,false,1.000319,WETH,USDC,0.3889165253030304,1079.792223
ethereum,0x87870bca3f3fd6335c3f4ce8392d69350b4fa4e2,0x63e2f4eb574d695942140494c335cdb7e2f9a039dfc2dca562b8799ea7410535,,,33,2025-02-02 21:42:35.000 UTC,21761580,,0xc02aaa39b223fe8d0a0e5c4f27ead9083c756cc2,0xdac17f958d2ee523a2206206994597c13d831ec7,0xf874ba2a62adf100b9286b6ebf86314ccd1cc291,8875702201,3196561326020101499,0xb441dea845a1a03a3e7aee81c03662fd9a1b6fda,false,1.000242,WETH,USDT,3.1965613260201016,8875.702201
ethereum,0x87870bca3f3fd6335c3f4ce8392d69350b4fa4e2,0x71c763ca34a9061d4cfbdaaa6dcebe39e2ae40b9b6d2859c6f3086d243710247,,,17,2025-02-02 21:42:35.000 UTC,21761580,,0xc02aaa39b223fe8d0a0e5c4f27ead9083c756cc2,0xa0b86991c6218b36c1d19d4a2e9eb0ce3606eb48,0x99e77220914adefb46d0b2380a31ce19333d4481,10810174577,3893578268905532027,0xb441dea845a1a03a3e7aee81c03662fd9a1b6fda,false,1.000319,WETH,USDC,3.893578268905532,10810.174577
ethereum,0x87870bca3f3fd6335c3f4ce8392d69350b4fa4e2,0xe261667e1d0ac924c90cb8593b163de3153ebda3b02f3a68b74b23b02e9d143b,,,34,2025-02-02 21:42:47.000 UTC,21761581,,0xc02aaa39b223fe8d0a0e5c4f27ead9083c756cc2,0xdac17f958d2ee523a2206206994597c13d831ec7,0x6f0c926d9ed29e54fdd36569e6b2c5ffacb64c96,600828232,216386742873802867,0x81463b0f960f247f704377661ec81c1fd65b5128,false,1.000242,WETH,USDT,0.21638674287380288,600.828232
ethereum,0x87870bca3f3fd6335c3f4ce8392d69350b4fa4e2,0x7349e114c636f713bbabcde92cb76d4e203a3402619c22a5ba76de0d941a6680,,,22,2025-02-02 21:42:47.000 UTC,21761581,,0xc02aaa39b223fe8d0a0e5c4f27ead9083c756cc2,0xa0b86991c6218b36c1d19d4a2e9eb0ce3606eb48,0x2aaa7a56a9e5d13776afc718f17d5cc316c90164,759364442,273505748541879008,0x00000000009e50a7ddb7a7b0e2ee6604fd120e49,false,1.000319,WETH,USDC,0.27350574854187903,759.364442
ethereum,0x87870bca3f3fd6335c3f4ce8392d69350b4fa4e2,0xa2281b9d67d134f4125b6c1d02b0cb4d6a164aec3d14f557e94c2fec17d93b1c,,,44,2025-02-02 21:42:59.000 UTC,21761582,,0xc02aaa39b223fe8d0a0e5c4f27ead9083c756cc2,0xdac17f958d2ee523a2206206994597c13d831ec7,0x70f35f7bd510ee929a09152255ef075cd16d369a,538544913,193955565682082554,0x681d0d7196a036661b354fa2a7e3b73c2adc43ec,false,1.000242,WETH,USDT,0.19395556568208255,538.544913
ethereum,0x87870bca3f3fd6335c3f4ce8392d69350b4fa4e2,0x3234dda859e07e24f8b53684af6db102f1d77bad36efe60ce1953edcdfd9918d,,,24,2025-02-02 21:43:23.000 UTC,21761584,,0xc02aaa39b223fe8d0a0e5c4f27ead9083c756cc2,0xdac17f958d2ee523a2206206994597c13d831ec7,0xb359852f25eeefd360150031077235b71d708b51,1066754046,384188726773063615,0x681d0d7196a036661b354fa2a7e3b73c2adc43ec,false,1.000242,WETH,USDT,0.3841887267730636,1066.754046
ethereum,0x87870bca3f3fd6335c3f4ce8392d69350b4fa4e2,0xa36c1d7dc61cc4f2fd00e758f66c6238e6971f13cb1194e9701b1f12bf1837d7,,,69,2025-02-02 21:43:23.000 UTC,21761584,,0xc02aaa39b223fe8d0a0e5c4f27ead9083c756cc2,0xdac17f958d2ee523a2206206994597c13d831ec7,0x33d7a1ca1102cb85574371edccb99be95a940e2d,384730937,138559857720228183,0x81463b0f960f247f704377661ec81c1fd65b5128,false,1.000242,WETH,USDT,0.13855985772022816,384.730937
ethereum,0x87870bca3f3fd6335c3f4ce8392d69350b4fa4e2,0x953414d615b5bb4d716db2d56e2dcc7c09c6e2267405c03e3b70782413394953,,,17,2025-02-02 22:23:11.000 UTC,21761780,,0xc02aaa39b223fe8d0a0e5c4f27ead9083c756cc2,0x6b175474e89094c44da98b954eedeac495271d0f,0xde092a220313cede58750434b66d46b5ff494cbb,922417756269920519165,332517330444373626,0x681d0d7196a036661b354fa2a7e3b73c2adc43ec,false,1.000544,WETH,DAI,0.33251733044437365,922.4177562699206
ethereum,0x87870bca3f3fd6335c3f4ce8392d69350b4fa4e2,0x9bc7bcabab67dff36fb75d295f84d85c2b121cfe9fb4b9f0c6a8aecf98570136,,,412,2025-02-02 22:25:35.000 UTC,21761792,,0xc02aaa39b223fe8d0a0e5c4f27ead9083c756cc2,0xa0b86991c6218b36c1d19d4a2e9eb0ce3606eb48,0xcb31276635c98380da0204fb4b9e62308aa8369c,194252046,70012138083203316,0x681d0d7196a036661b354fa2a7e3b73c2adc43ec,false,1.000451,WETH,USDC,0.0700121380832033,194.252046
ethereum,0x87870bca3f3fd6335c3f4ce8392d69350b4fa4e2,0xe0930d92b514d8b51e97cb1978b0fbf662ea9d5496d5e45e11c760c957551c50,,,427,2025-02-02 22:32:11.000 UTC,21761825,,0xc02aaa39b223fe8d0a0e5c4f27ead9083c756cc2,0xa0b86991c6218b36c1d19d4a2e9eb0ce3606eb48,0x3d025d18fbec14e4a398bc5c5af86d3c46da1825,12420051426,4520505260261650336,0x8ce45e650ab17b6ca0dd6071f7c2b5c69b5b42b2,false,1.0008,WETH,USDC,4.5205052602616504,12420.051426
ethereum,0x87870bca3f3fd6335c3f4ce8392d69350b4fa4e2,0x8253c1d42f8fa7b98532ef440e957da529e27766181cc532ffebb60fcfede570,,,464,2025-02-02 22:32:11.000 UTC,21761825,,0xc02aaa39b223fe8d0a0e5c4f27ead9083c756cc2,0x40d16fc0246ad3160ccc09b8d0d3a2cd28ae6c2f,0xec382cf837c0e344d1a750180234fda4f91e8275,5111451628724549245567,1860425255831268142,0x8ce45e650ab17b6ca0dd6071f7c2b5c69b5b42b2,false,0.999672,WETH,GHO,1.8604252558312682,5111.45162872455
ethereum,0x87870bca3f3fd6335c3f4ce8392d69350b4fa4e2,0x0d6a62214822bec681e68ccadcc8121419779d785b710a4d1c9c10f79b88eca8,,,370,2025-02-02 22:32:11.000 UTC,21761825,,0xc02aaa39b223fe8d0a0e5c4f27ead9083c756cc2,0xdac17f958d2ee523a2206206994597c13d831ec7,0xb4cc5e0fa88adf974efb9b898a713fbbf45d81bb,49139265711,17883658335343953015,0xb441dea845a1a03a3e7aee81c03662fd9a1b6fda,false,1.000319,WETH,USDT,17.883658335343952,49139.265711
ethereum,0x87870bca3f3fd6335c3f4ce8392d69350b4fa4e2,0x5a30d20da507d53980fafb4b414b4928c6fdb8990cbf02012228d80d3949b730,,,387,2025-02-02 22:32:11.000 UTC,21761825,,0xc02aaa39b223fe8d0a0e5c4f27ead9083c756cc2,0xdac17f958d2ee523a2206206994597c13d831ec7,0xe0f0ef8a8e0fac2adb5bae4c70ace8c41d47e3be,26684041456,9711343332068415821,0xb441dea845a1a03a3e7aee81c03662fd9a1b6fda,false,1.000319,WETH,USDT,9.711343332068415,26684.041456
ethereum,0x87870bca3f3fd6335c3f4ce8392d69350b4fa4e2,0xf6682f9311a5edf7c2922d07d6f7ca216bbffb950133321d93c447d5a7b784f1,,,257,2025-02-02 22:32:23.000 UTC,21761826,,0xc02aaa39b223fe8d0a0e5c4f27ead9083c756cc2,0xa0b86991c6218b36c1d19d4a2e9eb0ce3606eb48,0x1c8fb81523ca00a133c801da4509f6de4a358384,1113876358,405415707464727626,0x9d6b911199b891c55a93e4bc635bf59e33d002d8,false,1.0008,WETH,USDC,0.4054157074647276,1113.876358
ethereum,0x87870bca3f3fd6335c3f4ce8392d69350b4fa4e2,0x1189b6527b792e0a2ca598b2b57d7c6d4a13e0c46b4fae8b2a1f86b7092df6cb,,,233,2025-02-02 22:32:23.000 UTC,21761826,,0xc02aaa39b223fe8d0a0e5c4f27ead9083c756cc2,0x6b175474e89094c44da98b954eedeac495271d0f,0x4f4e2f2a9a7785daaa0d12f6e2e9d656e85f4ab6,1055306560120879554582,384167936305051190,0x9d6b911199b891c55a93e4bc635bf59e33d002d8,false,1.000688,WETH,DAI,0.3841679363050512,1055.3065601208796
ethereum,0x87870bca3f3fd6335c3f4ce8392d69350b4fa4e2,0x7e7b5b0c6e0100032f446489d1d44e9e86c35580c202c802017bb6279c853639,,,287,2025-02-02 22:32:23.000 UTC,21761826,,0xc02aaa39b223fe8d0a0e5c4f27ead9083c756cc2,0x40d16fc0246ad3160ccc09b8d0d3a2cd28ae6c2f,0xc95857fcc5a13bdebda5e3a61a5647912eca7c71,969167163509108309438,352749707731189502,0x9d6b911199b891c55a93e4bc635bf59e33d002d8,false,0.999672,WETH,GHO,0.3527497077311895,969.1671635091083
ethereum,0x87870bca3f3fd6335c3f4ce8392d69350b4fa4e2,0x7985b451c81094865cde378e2ff4ff97985687c683363b90c02a8fb0c291f4de,,,114,2025-02-02 22:40:47.000 UTC,21761868,,0xc02aaa39b223fe8d0a0e5c4f27ead9083c756cc2,0xdac17f958d2ee523a2206206994597c13d831ec7,0x0bf93ea5a1fa4ce3dd22c7ffd314462d3869777f,332481234996,123261963277794043951,0x78d0ce01d2a51d9999cd681315ae677cf4a07e4f,false,1.001181,WETH,USDT,123.26196327779405,332481.234996
ethereum,0x87870bca3f3fd6335c3f4ce8392d69350b4fa4e2,0xa615fdb5bb27f2a7237d49e78f75659ebbdc5f0e519931753aaac4aaed9b3602,,,179,2025-02-02 22:40:47.000 UTC,21761868,,0xc02aaa39b223fe8d0a0e5c4f27ead9083c756cc2,0xdac17f958d2ee523a2206206994597c13d831ec7,0x176bc9713438df75aa26142712ef3b026d0857cc,101762837355,37726902455854525407,0x78d0ce01d2a51d9999cd681315ae677cf4a07e4f,false,1.001181,WETH,USDT,37.72690245585452,101762.837355
ethereum,0x87870bca3f3fd6335c3f4ce8392d69350b4fa4e2,0x6bf5051dc30d69697f7070906a0c4ec047579c634f332bb8bb4e251532a0ba65,,,259,2025-02-02 22:40:47.000 UTC,21761868,,0xc02aaa39b223fe8d0a0e5c4f27ead9083c756cc2,0xdac17f958d2ee523a2206206994597c13d831ec7,0x18c7f129039e2722484024c404e21982a49f4e49,85257946443,31607984924994727206,0x78d0ce01d2a51d9999cd681315ae677cf4a07e4f,false,1.001181,WETH,USDT,31.607984924994728,85257.946443
ethereum,0x87870bca3f3fd6335c3f4ce8392d69350b4fa4e2,0x8d4fa5e8ed07fa04c3ef0b07f5595c93a5a728e2822e5a4290c3093c089d1c6a,,,220,2025-02-02 22:40:47.000 UTC,21761868,,0xc02aaa39b223fe8d0a0e5c4f27ead9083c756cc2,0xa0b86991c6218b36c1d19d4a2e9eb0ce3606eb48,0xfe0eeceef6d7ea55d0250dff23803b901fd6c4bb,524371232617,194418094785746438728,0x9d6b911199b891c55a93e4bc635bf59e33d002d8,false,1.000942,WETH,USDC,194.41809478574643,524371.232617
ethereum,0x87870bca3f3fd6335c3f4ce8392d69350b4fa4e2,0x3225cb2a9c80eb44867379dfe2ecda5cbc8679e079ebdcf061f0d3a64642131c,,,411,2025-02-02 22:40:59.000 UTC,21761869,,0xc02aaa39b223fe8d0a0e5c4f27ead9083c756cc2,0xdac17f958d2ee523a2206206994597c13d831ec7,0x70bc7c269929e0e8251d670e3f431e70849615c9,41860677855,15519159559812910906,0x9d6b911199b891c55a93e4bc635bf59e33d002d8,false,1.001181,WETH,USDT,15.51915955981291,41860.677855
ethereum,0x87870bca3f3fd6335c3f4ce8392d69350b4fa4e2,0xce3e13ea1ecbe33c5646003797340fdbe284fe59c3ca864be590d744e1169a72,,,234,2025-02-02 22:40:59.000 UTC,21761869,,0xc02aaa39b223fe8d0a0e5c4f27ead9083c756cc2,0xa0b86991c6218b36c1d19d4a2e9eb0ce3606eb48,0x4ad37c919b3d4fbce7fd137c6a8e51d234d668cc,48628591671,18029742206882712547,0x9d6b911199b891c55a93e4bc635bf59e33d002d8,false,1.000942,WETH,USDC,18.029742206882712,48628.591671
ethereum,0x87870bca3f3fd6335c3f4ce8392d69350b4fa4e2,0x641d02e231373bcfe5ca67159fa7f2fc59233990e9defac886c027d82556d9d5,,,296,2025-02-02 22:40:59.000 UTC,21761869,,0xc02aaa39b223fe8d0a0e5c4f27ead9083c756cc2,0xa0b86991c6218b36c1d19d4a2e9eb0ce3606eb48,0xdd9c44dd1ddce14b2f214ad7047fe07b9a7e1f1a,45146473733,16738697440855850645,0x9d6b911199b891c55a93e4bc635bf59e33d002d8,false,1.000942,WETH,USDC,16.73869744085585,45146.473733
ethereum,0x87870bca3f3fd6335c3f4ce8392d69350b4fa4e2,0xa50c87b63f41bea80bdbf9c2afd87ab68f3c1e67c781e2e161daaf666bf4cc3a,,,602,2025-02-02 22:40:59.000 UTC,21761869,,0xc02aaa39b223fe8d0a0e5c4f27ead9083c756cc2,0xa0b86991c6218b36c1d19d4a2e9eb0ce3606eb48,0xf8db73fa584b7f6d5154a5dbc3afaaf9c2fb7153,31368982911,11630496704569868119,0xb441dea845a1a03a3e7aee81c03662fd9a1b6fda,false,1.000942,WETH,USDC,11.630496704569868,31368.982911
ethereum,0x87870bca3f3fd6335c3f4ce8392d69350b4fa4e2,0x93f5a9fba9efd5fddf84b9b47b280cd2e249ae5e706f58ce4ebd50f4888d2708,,,572,2025-02-02 22:40:59.000 UTC,21761869,,0xc02aaa39b223fe8d0a0e5c4f27ead9083c756cc2,0xdac17f958d2ee523a2206206994597c13d831ec7,0x3a272221e648903ae5a4f5f5e3e36e97a68be1e2,15285868888,5666985114406527088,0x8ce45e650ab17b6ca0dd6071f7c2b5c69b5b42b2,false,1.001181,WETH,USDT,5.666985114406527,15285.868888
ethereum,0x87870bca3f3fd6335c3f4ce8392d69350b4fa4e2,0x81b27e54001d9a93237d5b9860dc8c8fc334adddf3817f1d64f47bc54c972542,,,385,2025-02-02 22:40:59.000 UTC,21761869,,0xc02aaa39b223fe8d0a0e5c4f27ead9083c756cc2,0xdac17f958d2ee523a2206206994597c13d831ec7,0x27ae9c443109fc97c9465a2b1075bcb5bfb73d5b,1100284684,407912495620869772,0x9d6b911199b891c55a93e4bc635bf59e33d002d8,false,1.001181,WETH,USDT,0.4079124956208698,1100.284684
ethereum,0x87870bca3f3fd6335c3f4ce8392d69350b4fa4e2,0x5ce8fb1dd393d8637bcc31dafa6f4b796cad95b1c1499802a0505834ba4cd9b3,,,172,2025-02-02 22:40:59.000 UTC,21761869,,0xc02aaa39b223fe8d0a0e5c4f27ead9083c756cc2,0xdac17f958d2ee523a2206206994597c13d831ec7,0x4aa01d56d056141766e4e7b61eff5b5375aa6bb1,70119485778,25995648990926120458,0x9d6b911199b891c55a93e4bc635bf59e33d002d8,false,1.001181,WETH,USDT,25.995648990926117,70119.485778
ethereum,0x87870bca3f3fd6335c3f4ce8392d69350b4fa4e2,0xcc43b5077bb9b952a3d287f5967c015838b9617408fb8c7001607e96baa9b364,,,110,2025-02-02 22:41:11.000 UTC,21761870,,0xc02aaa39b223fe8d0a0e5c4f27ead9083c756cc2,0xa0b86991c6218b36c1d19d4a2e9eb0ce3606eb48,0x52ecd0297ee557b969eab6fa70089beb3fd145a3,26162329600,9700055913829775492,0x81463b0f960f247f704377661ec81c1fd65b5128,false,1.000942,WETH,USDC,9.700055913829775,26162.3296
ethereum,0x87870bca3f3fd6335c3f4ce8392d69350b4fa4e2,0x2240bb6364b9c30deb4f3550724b1e2233391b9a80c4d3469075f6280eafa8e5,,,196,2025-02-02 22:41:11.000 UTC,21761870,,0xc02aaa39b223fe8d0a0e5c4f27ead9083c756cc2,0xa0b86991c6218b36c1d19d4a2e9eb0ce3606eb48,0x3e06bebfc6fc7006cb3d9847c5ecf021197284f2,23485303757,8707510496166843438,0xb441dea845a1a03a3e7aee81c03662fd9a1b6fda,false,1.000942,WETH,USDC,8.707510496166844,23485.303757
ethereum,0x87870bca3f3fd6335c3f4ce8392d69350b4fa4e2,0x55a51c161ca6124c9de5516ed12e77f83fa603d48cea230b74808d15f490da2d,,,147,2025-02-02 22:41:11.000 UTC,21761870,,0xc02aaa39b223fe8d0a0e5c4f27ead9083c756cc2,0xdac17f958d2ee523a2206206994597c13d831ec7,0x5fd17d15ae725526684c9dc8be456fa52aeea1df,25396587585,9415368197610345123,0x8ce45e650ab17b6ca0dd6071f7c2b5c69b5b42b2,false,1.001181,WETH,USDT,9.415368197610345,25396.587585
ethereum,0x87870bca3f3fd6335c3f4ce8392d69350b4fa4e2,0xb477e8d72ef5f2c07aec38fdc0a97e352cebdea0349f0182192739effe16edc7,,,148,2025-02-02 22:41:23.000 UTC,21761871,,0xc02aaa39b223fe8d0a0e5c4f27ead9083c756cc2,0x6b175474e89094c44da98b954eedeac495271d0f,0x4a041a8ee6653f3d5f3355d3f5bee37b93836284,23633330767884891433781,8763985496576907098,0xb441dea845a1a03a3e7aee81c03662fd9a1b6fda,false,1.000956,WETH,DAI,8.763985496576908,23633.33076788489
ethereum,0x87870bca3f3fd6335c3f4ce8392d69350b4fa4e2,0xab0aee9d6cea4593a427be054ac64def275b8dc8ed6bb454aa6cb81fce24e5a4,,,281,2025-02-02 22:41:23.000 UTC,21761871,,0xc02aaa39b223fe8d0a0e5c4f27ead9083c756cc2,0xdac17f958d2ee523a2206206994597c13d831ec7,0xe6ef2420b1b2e6ef8d02b8b33eb37e63fb115bbe,10759522330,3988916386042119563,0x8ce45e650ab17b6ca0dd6071f7c2b5c69b5b42b2,false,1.001181,WETH,USDT,3.9889163860421197,10759.52233
ethereum,0x87870bca3f3fd6335c3f4ce8392d69350b4fa4e2,0xd2276150f3165a61beffc24178cec5d16dfb840251d606ce10df3ab0de5b0726,,,307,2025-02-02 22:41:23.000 UTC,21761871,,0xc02aaa39b223fe8d0a0e5c4f27ead9083c756cc2,0xa0b86991c6218b36c1d19d4a2e9eb0ce3606eb48,0xf112e76994097b1e647143a001c6e97763fe9a5c,9264926570,3435103339059191326,0x8ce45e650ab17b6ca0dd6071f7c2b5c69b5b42b2,false,1.000942,WETH,USDC,3.435103339059191,9264.92657
ethereum,0x87870bca3f3fd6335c3f4ce8392d69350b4fa4e2,0x02edf706baf9d47d9a032da1011c5cc68a2988c6efcda2ae3167ad8a8e02e215,,,563,2025-02-02 22:41:35.000 UTC,21761872,,0xc02aaa39b223fe8d0a0e5c4f27ead9083c756cc2,0x6b175474e89094c44da98b954eedeac495271d0f,0xa5dff29bf5e20e361271d3ba67fb13d393b4149b,5961914485685950884624,2210866195609873654,0x9d6b911199b891c55a93e4bc635bf59e33d002d8,false,1.000956,WETH,DAI,2.210866195609874,5961.914485685951
ethereum,0x87870bca3f3fd6335c3f4ce8392d69350b4fa4e2,0x07f8eb9a505957ee4c78bd5ee1bbeb145a3f0a516668b47892cb3536f9300b39,,,584,2025-02-02 22:41:35.000 UTC,21761872,,0xc02aaa39b223fe8d0a0e5c4f27ead9083c756cc2,0xa0b86991c6218b36c1d19d4a2e9eb0ce3606eb48,0x9b7bab09343a26f210d5c90982852ba778b9ac6c,6778927413,2513383782990541901,0x9d6b911199b891c55a93e4bc635bf59e33d002d8,false,1.000942,WETH,USDC,2.513383782990542,6778.927413
ethereum,0x87870bca3f3fd6335c3f4ce8392d69350b4fa4e2,0xeffd700ab3d2510fa52520433b04a7759731db9a9ef99f31d72cc712a180971d,,,406,2025-02-02 22:41:35.000 UTC,21761872,,0xc02aaa39b223fe8d0a0e5c4f27ead9083c756cc2,0x2260fac5e5542a773aa44fbcfedf7c193bc2c599,0x09f2522360eec32c7d748023df6f87d557a7ccee,3163461,1135771869550846276,0x9d6b911199b891c55a93e4bc635bf59e33d002d8,false,97056.36,WETH,WBTC,1.1357718695508463,0.03163461
ethereum,0x87870bca3f3fd6335c3f4ce8392d69350b4fa4e2,0x7da99f57ba98fc45f668eb36b6c4d999267546eee86c9517cd169c60db29a843,,,112,2025-02-02 22:41:47.000 UTC,21761873,,0xc02aaa39b223fe8d0a0e5c4f27ead9083c756cc2,0xa0b86991c6218b36c1d19d4a2e9eb0ce3606eb48,0x75d64f90062d0f07e5c8fdfb618fb10a06a347c6,121469282889,45727853195571371773,0x720ff7451a5883574dfde3be5c5d1ebfdbc9edb3,false,1.000942,WETH,USDC,45.72785319557137,121469.282889
ethereum,0x87870bca3f3fd6335c3f4ce8392d69350b4fa4e2,0x796854520f438e193f6e7dd5789bbe2aeccf7bc43694bda8faec1b33b2d5ee93,,,24,2025-02-02 22:41:47.000 UTC,21761873,,0xc02aaa39b223fe8d0a0e5c4f27ead9083c756cc2,0x2260fac5e5542a773aa44fbcfedf7c193bc2c599,0xf2e563f6fbf25cf23dbe57d25287e10339ad3b6f,1250740355,455944841103434234031,0x00000000009e50a7ddb7a7b0e2ee6604fd120e49,false,97056.36,WETH,WBTC,455.94484110343427,12.50740355
ethereum,0x87870bca3f3fd6335c3f4ce8392d69350b4fa4e2,0xbcee3bc8a04096ed6f7afae39ba773c1a1fc4313d55b918a31c4d38b04d8075d,,,355,2025-02-02 22:41:47.000 UTC,21761873,,0xc02aaa39b223fe8d0a0e5c4f27ead9083c756cc2,0xa0b86991c6218b36c1d19d4a2e9eb0ce3606eb48,0xe3c0e5ce82af1b98d56a5fb5477bf88717c008e5,30891838009,11629421034022153137,0x720ff7451a5883574dfde3be5c5d1ebfdbc9edb3,false,1.000942,WETH,USDC,11.629421034022153,30891.838009
ethereum,0x87870bca3f3fd6335c3f4ce8392d69350b4fa4e2,0xb8ba527900c05e5e1c24ac7a069807ea791383c00346252c432925d94b0f5c4b,,,246,2025-02-02 22:41:47.000 UTC,21761873,,0xc02aaa39b223fe8d0a0e5c4f27ead9083c756cc2,0xdac17f958d2ee523a2206206994597c13d831ec7,0xf1da0e963c99597da434506b740c3b089ecaaa57,50993701024,19195304038389148654,0x78d0ce01d2a51d9999cd681315ae677cf4a07e4f,false,1.001181,WETH,USDT,19.19530403838915,50993.701024
ethereum,0x87870bca3f3fd6335c3f4ce8392d69350b4fa4e2,0xf7308e23cf5c36f431a0d7026ef2c8afd4321bdbb88ce049290deba69845465b,,,263,2025-02-02 22:41:47.000 UTC,21761873,,0xc02aaa39b223fe8d0a0e5c4f27ead9083c756cc2,0xdac17f958d2ee523a2206206994597c13d831ec7,0x49d5d399f164e8a7082f3e9f35eb27b5d16181bc,72457317375,27274745878213229251,0x720ff7451a5883574dfde3be5c5d1ebfdbc9edb3,false,1.001181,WETH,USDT,27.27474587821323,72457.317375
ethereum,0x87870bca3f3fd6335c3f4ce8392d69350b4fa4e2,0x88a6e14a21303be51ba2c5ba375cf5ad9fc381e616cb5947e96ec3c01ec4c595,,,48,2025-02-02 22:41:47.000 UTC,21761873,,0xc02aaa39b223fe8d0a0e5c4f27ead9083c756cc2,0xa0b86991c6218b36c1d19d4a2e9eb0ce3606eb48,0xd14f076044414c255d2e82cceb1cb00fb1bba64c,805410344085,303201641604889423409,0x78d0ce01d2a51d9999cd681315ae677cf4a07e4f,false,1.000942,WETH,USDC,303.20164160488946,805410.344085
ethereum,0x87870bca3f3fd6335c3f4ce8392d69350b4fa4e2,0x59e24e02a8549d25ba88074277831d32a35c8a6df1e16703cc5f7d7c44423d49,,,286,2025-02-02 22:41:59.000 UTC,21761874,,0xc02aaa39b223fe8d0a0e5c4f27ead9083c756cc2,0xdac17f958d2ee523a2206206994597c13d831ec7,0x99e77220914adefb46d0b2380a31ce19333d4481,10567492420,3977868361227671565,0x03bd055aaa45286465e668ad22adc0320ca00003,false,1.001181,WETH,USDT,3.9778683612276717,10567.49242
ethereum,0x87870bca3f3fd6335c3f4ce8392d69350b4fa4e2,0x4a794fadca04214915c763a43706dd87e98b55de55e03d0b3c7a6c79282a5fad,,,84,2025-02-02 22:41:59.000 UTC,21761874,,0xc02aaa39b223fe8d0a0e5c4f27ead9083c756cc2,0xa0b86991c6218b36c1d19d4a2e9eb0ce3606eb48,0xde03ffafa4a0de3572f2f7475b929196b3ef6ca7,34337060081,12926395918434061906,0x03bd055aaa45286465e668ad22adc0320ca00003,false,1.000942,WETH,USDC,12.926395918434062,34337.060081
ethereum,0x87870bca3f3fd6335c3f4ce8392d69350b4fa4e2,0xd29805b75a53cfa87067b160a008e270088a8717ec45a9838280d0fecab87b2b,,,126,2025-02-02 22:41:59.000 UTC,21761874,,0xc02aaa39b223fe8d0a0e5c4f27ead9083c756cc2,0xa0b86991c6218b36c1d19d4a2e9eb0ce3606eb48,0x6caec49ceb9f9346dbc74a65e818eb95a66ab9d4,29243153569,11008763710252194270,0x03bd055aaa45286465e668ad22adc0320ca00003,false,1.000942,WETH,USDC,11.008763710252193,29243.153569
ethereum,0x87870bca3f3fd6335c3f4ce8392d69350b4fa4e2,0x9b3f7a5e49e8aad68bd055263675411b3aea7f908a5c4fbd7db42e6300d47341,,,166,2025-02-02 22:41:59.000 UTC,21761874,,0xc02aaa39b223fe8d0a0e5c4f27ead9083c756cc2,0xa0b86991c6218b36c1d19d4a2e9eb0ce3606eb48,0x34e1a69c42e620ec166ad5ca734cc9edc53b2093,19100331547,7190436431291811254,0x03bd055aaa45286465e668ad22adc0320ca00003,false,1.000942,WETH,USDC,7.190436431291811,19100.331547
ethereum,0x87870bca3f3fd6335c3f4ce8392d69350b4fa4e2,0x56dd595ca3bbf273f91024cac2c35a9af3da093de72c691b31d9c3bb78bff438,,,192,2025-02-02 22:41:59.000 UTC,21761874,,0xc02aaa39b223fe8d0a0e5c4f27ead9083c756cc2,0xa0b86991c6218b36c1d19d4a2e9eb0ce3606eb48,0xba5027adf838c29c6c75fc3d4850039c61c7d952,14309919292,5387056489194999959,0x03bd055aaa45286465e668ad22adc0320ca00003,false,1.000942,WETH,USDC,5.3870564891949995,14309.919292
ethereum,0x87870bca3f3fd6335c3f4ce8392d69350b4fa4e2,0xb9e9a8446a537b7b3aada2786a65d4d4d5bac9255932ed334a1ef7ba87190826,,,264,2025-02-02 22:41:59.000 UTC,21761874,,0xc02aaa39b223fe8d0a0e5c4f27ead9083c756cc2,0xa0b86991c6218b36c1d19d4a2e9eb0ce3606eb48,0x918ce1f44a50859ccaf90bf5b74f11ff28f95607,11429563989,4302729148866253377,0x03bd055aaa45286465e668ad22adc0320ca00003,false,1.000942,WETH,USDC,4.302729148866253,11429.563989
ethereum,0x87870bca3f3fd6335c3f4ce8392d69350b4fa4e2,0x26bc1f6f3a11152e34d8adda8285fcd73685bc01aaf57b2e3da739b19f883bb9,,,247,2025-02-02 22:41:59.000 UTC,21761874,,0xc02aaa39b223fe8d0a0e5c4f27ead9083c756cc2,0xdac17f958d2ee523a2206206994597c13d831ec7,0x727d4d6680c7fb1efdcfbac74a6c5515c435b455,8894067935,3347949545181318512,0xb441dea845a1a03a3e7aee81c03662fd9a1b6fda,false,1.001181,WETH,USDT,3.3479495451813186,8894.067935
ethereum,0x87870bca3f3fd6335c3f4ce8392d69350b4fa4e2,0x2bc5a0c0374d346bdecca473256f490e45d3d148c01a9e068edaf75c4dad24e3,,,215,2025-02-02 22:41:59.000 UTC,21761874,,0xc02aaa39b223fe8d0a0e5c4f27ead9083c756cc2,0xdac17f958d2ee523a2206206994597c13d831ec7,0xdf4ed536d0851880e089f857bf7fdaf3f6954305,10514014284,3957737853747087014,0xb441dea845a1a03a3e7aee81c03662fd9a1b6fda,false,1.001181,WETH,USDT,3.9577378537470866,10514.014284
ethereum,0x87870bca3f3fd6335c3f4ce8392d69350b4fa4e2,0xc70b01a9c7e6742fc71d040c760de7d38661d97635f3adc1730aa0a6731d4d2d,,,150,2025-02-02 22:41:59.000 UTC,21761874,,0xc02aaa39b223fe8d0a0e5c4f27ead9083c756cc2,0xdac17f958d2ee523a2206206994597c13d831ec7,0xe3a575e77ad53a7140323674a5e59a1bd8250544,28736412941,10817104314816941579,0x720ff7451a5883574dfde3be5c5d1ebfdbc9edb3,false,1.001181,WETH,USDT,10.817104314816943,28736.412941
ethereum,0x87870bca3f3fd6335c3f4ce8392d69350b4fa4e2,0x8d2029d858f40dd269992e3e71b2d211a73909222644cc87e0be7043eba167f3,,,243,2025-02-02 22:42:23.000 UTC,21761876,,0xc02aaa39b223fe8d0a0e5c4f27ead9083c756cc2,0xdac17f958d2ee523a2206206994597c13d831ec7,0x01acb3804ba9c42111c6e9c127831eb486ca1ac7,6200597657,2310636148636440403,0x9d6b911199b891c55a93e4bc635bf59e33d002d8,false,1.001181,WETH,USDT,2.3106361486364406,6200.597657
ethereum,0x87870bca3f3fd6335c3f4ce8392d69350b4fa4e2,0x47bda9dd85d35f36613619d9c73e57497ec8780b0a4be0075a4a1fb31f042f4e,,,39,2025-02-02 22:42:23.000 UTC,21761876,,0xc02aaa39b223fe8d0a0e5c4f27ead9083c756cc2,0xa0b86991c6218b36c1d19d4a2e9eb0ce3606eb48,0x8ac4b240f1480f765f258fda02dd7e7b8764fa6d,8305658194,3126715738783869297,0x9d6b911199b891c55a93e4bc635bf59e33d002d8,false,1.000942,WETH,USDC,3.1267157387838695,8305.658194
ethereum,0x87870bca3f3fd6335c3f4ce8392d69350b4fa4e2,0x2bea716a64eecd5c65740b1f0dde9ce1787722f1952e830c42a23147ba7ca013,,,262,2025-02-02 22:42:23.000 UTC,21761876,,0xc02aaa39b223fe8d0a0e5c4f27ead9083c756cc2,0xa0b86991c6218b36c1d19d4a2e9eb0ce3606eb48,0x15462b9af889b13cf156605323ed2fd0f4926162,7443317702,2773961639833564279,0x9d6b911199b891c55a93e4bc635bf59e33d002d8,false,1.000942,WETH,USDC,2.7739616398335643,7443.317702
ethereum,0x87870bca3f3fd6335c3f4ce8392d69350b4fa4e2,0x5567da9f4375e5d3c11848a7752b9a9cf0dc36aba1c738f5634a712647890274,,,427,2025-02-02 22:42:35.000 UTC,21761877,,0xc02aaa39b223fe8d0a0e5c4f27ead9083c756cc2,0x40d16fc0246ad3160ccc09b8d0d3a2cd28ae6c2f,0x9e5977e4d5b3e63455c89dfa869cf1b1b3c07a0b,5926187805237044008848,2208582830411095217,0x8ce45e650ab17b6ca0dd6071f7c2b5c69b5b42b2,false,1.000049,WETH,GHO,2.2085828304110953,5926.187805237044
ethereum,0x87870bca3f3fd6335c3f4ce8392d69350b4fa4e2,0x770817bb905009b7e4d08a0a831f073fc7d3dea43805bb9512e8ee9327091db0,,,216,2025-02-02 22:42:35.000 UTC,21761877,,0xc02aaa39b223fe8d0a0e5c4f27ead9083c756cc2,0xa0b86991c6218b36c1d19d4a2e9eb0ce3606eb48,0xa109cf21bb9ec1fc32f02ec41fc502fdb49c2408,4834791118,1801820859310679410,0xb441dea845a1a03a3e7aee81c03662fd9a1b6fda,false,1.000942,WETH,USDC,1.8018208593106793,4834.791118
ethereum,0x87870bca3f3fd6335c3f4ce8392d69350b4fa4e2,0x6dfc4bb69296a777f488a639160bae62679aba9d99ea85b86ef401ef2049e37b,,,172,2025-02-02 22:42:35.000 UTC,21761877,,0xc02aaa39b223fe8d0a0e5c4f27ead9083c756cc2,0xdac17f958d2ee523a2206206994597c13d831ec7,0x6969698f9369abf880d1b1a6fe0e64de0f61528b,5265037877,1962002296472541571,0xb441dea845a1a03a3e7aee81c03662fd9a1b6fda,false,1.001181,WETH,USDT,1.9620022964725417,5265.037877
ethereum,0x87870bca3f3fd6335c3f4ce8392d69350b4fa4e2,0x988738ec9f8b6532529f718b32800c4e99aff51e7d8f6b8d3037380798de3ffa,,,127,2025-02-02 22:42:35.000 UTC,21761877,,0xc02aaa39b223fe8d0a0e5c4f27ead9083c756cc2,0xa0b86991c6218b36c1d19d4a2e9eb0ce3606eb48,0x51f8850624e6ff3b9dc69eb2f7150dd09e626b48,6012684397,2240795910837208225,0xeffca1adb9bc329b7bc53b1d3b2d3ed46e11f2dc,false,1.000942,WETH,USDC,2.240795910837208,6012.684397
ethereum,0x87870bca3f3fd6335c3f4ce8392d69350b4fa4e2,0xa49eed11ca43b7cdc78a482f7ddc403ba393accd36f152d9d1b04215deab3c1a,,,407,2025-02-02 22:42:35.000 UTC,21761877,,0xc02aaa39b223fe8d0a0e5c4f27ead9083c756cc2,0xa0b86991c6218b36c1d19d4a2e9eb0ce3606eb48,0x80b24415b93ce3bdd2de032aa1449da628590cc1,5631389564,2098695669714282012,0x8ce45e650ab17b6ca0dd6071f7c2b5c69b5b42b2,false,1.000942,WETH,USDC,2.098695669714282,5631.389564
ethereum,0x87870bca3f3fd6335c3f4ce8392d69350b4fa4e2,0x1e3a4ea81de304e2c422659279575eabed0f05f684066386c7176b7f3df40621,,,177,2025-02-02 22:42:59.000 UTC,21761879,,0xc02aaa39b223fe8d0a0e5c4f27ead9083c756cc2,0xdac17f958d2ee523a2206206994597c13d831ec7,0xf177b9b7b9018e2e12ed8322e4d629085990448b,3030856096,1129440425605850188,0x00000000009e50a7ddb7a7b0e2ee6604fd120e49,false,1.001181,WETH,USDT,1.1294404256058503,3030.856096
ethereum,0x87870bca3f3fd6335c3f4ce8392d69350b4fa4e2,0x966b3864cfbdb93ce42577f45ccfc50f7bd838d63e0c0eea6eda216c057b15e0,,,151,2025-02-02 22:42:59.000 UTC,21761879,,0xc02aaa39b223fe8d0a0e5c4f27ead9083c756cc2,0xdac17f958d2ee523a2206206994597c13d831ec7,0x860485fa5d1bc91c4e004d87cd0fa10f14333637,2271833792,846592792158164057,0x05c45c965a96af8b846cc3025066d5680f31ca52,false,1.001181,WETH,USDT,0.8465927921581641,2271.833792
ethereum,0x87870bca3f3fd6335c3f4ce8392d69350b4fa4e2,0x92d27f4dc5b376900bd8a843f989d58392c47a5b370e7c86d38502b746b223fe,,,220,2025-02-02 22:42:59.000 UTC,21761879,,0xc02aaa39b223fe8d0a0e5c4f27ead9083c756cc2,0x2260fac5e5542a773aa44fbcfedf7c193bc2c599,0x8a797d6166b76ccf66e32b2923257d7a158b96b9,2386335,861184300745227594,0xeffca1adb9bc329b7bc53b1d3b2d3ed46e11f2dc,false,97056.36,WETH,WBTC,0.8611843007452277,0.02386335
ethereum,0x87870bca3f3fd6335c3f4ce8392d69350b4fa4e2,0xe142b743ce1c605e1f6d2298e42b297050053f0daa1b96829e78b539e3d355e1,,,163,2025-02-02 22:43:11.000 UTC,21761880,,0xc02aaa39b223fe8d0a0e5c4f27ead9083c756cc2,0xa0b86991c6218b36c1d19d4a2e9eb0ce3606eb48,0x4c1a295722e33cd1237053575f8d5caf9a029120,2392067143,891471083224800002,0x05c45c965a96af8b846cc3025066d5680f31ca52,false,1.000942,WETH,USDC,0.8914710832248,2392.067143
ethereum,0x87870bca3f3fd6335c3f4ce8392d69350b4fa4e2,0xe142b743ce1c605e1f6d2298e42b297050053f0daa1b96829e78b539e3d355e1,,,206,2025-02-02 22:43:11.000 UTC,21761880,,0xc02aaa39b223fe8d0a0e5c4f27ead9083c756cc2,0xdac17f958d2ee523a2206206994597c13d831ec7,0x8f28863f2bba0b63a112fae475a726b2937dcf0f,1647604067,613975253103672827,0x05c45c965a96af8b846cc3025066d5680f31ca52,false,1.001181,WETH,USDT,0.6139752531036728,1647.604067
ethereum,0x87870bca3f3fd6335c3f4ce8392d69350b4fa4e2,0xd0cee1a4450e799c3d84f0cb2542020bc252fd261dbffdf5c7f1f6d3397d4379,,,375,2025-02-02 22:43:11.000 UTC,21761880,,0xc02aaa39b223fe8d0a0e5c4f27ead9083c756cc2,0xa0b86991c6218b36c1d19d4a2e9eb0ce3606eb48,0xe7fa26eb74df270f603aa7957514915000982d40,981974524,365960418448604294,0x00000000009e50a7ddb7a7b0e2ee6604fd120e49,false,1.000942,WETH,USDC,0.3659604184486043,981.974524
ethereum,0x87870bca3f3fd6335c3f4ce8392d69350b4fa4e2,0x754305b5000e3c6fea5b324130e36d4cb21977f6b48af25d65c056018ac16f7d,,,674,2025-02-02 22:43:11.000 UTC,21761880,,0xc02aaa39b223fe8d0a0e5c4f27ead9083c756cc2,0xa0b86991c6218b36c1d19d4a2e9eb0ce3606eb48,0x69b530e2ea1569b913b4fa5f3b91cd48abde5a26,942976480,351426700768452866,0x42df00ac2e0000005486ac375a00b80000d12758,false,1.000942,WETH,USDC,0.35142670076845284,942.97648
ethereum,0x87870bca3f3fd6335c3f4ce8392d69350b4fa4e2,0x511624ff0a1d79af9b30e8da988a3a120cd11ea9177a42b83c569d4532ba38e6,,,481,2025-02-02 22:43:11.000 UTC,21761880,,0xc02aaa39b223fe8d0a0e5c4f27ead9083c756cc2,0x5f98805a4e8be255a32880fdec7f6728c6568ba0,0x6714867aa570cea6e0b6d6956935ca013fad354b,1737818185056548722121,646774202992403606,0xeffca1adb9bc329b7bc53b1d3b2d3ed46e11f2dc,false,0.999726,WETH,LUSD,0.6467742029924036,1737.8181850565488
ethereum,0x87870bca3f3fd6335c3f4ce8392d69350b4fa4e2,0xaa967cf6305cf5afd7c787df20daaab833903d6d04431fd1de7ec14f786e60f7,,,403,2025-02-02 22:43:23.000 UTC,21761881,,0xc02aaa39b223fe8d0a0e5c4f27ead9083c756cc2,0xdac17f958d2ee523a2206206994597c13d831ec7,0xa21d533c7dc7f117f84047e3e4ecc95f3649624c,1322717637,492907193073690706,0xeffca1adb9bc329b7bc53b1d3b2d3ed46e11f2dc,false,1.001181,WETH,USDT,0.4929071930736907,1322.717637
ethereum,0x87870bca3f3fd6335c3f4ce8392d69350b4fa4e2,0x0c86e2c9b7b929a4a05cbab08fd5fe0d1025fac34ef9904eb5ab352518e08f02,,,519,2025-02-02 22:43:23.000 UTC,21761881,,0xc02aaa39b223fe8d0a0e5c4f27ead9083c756cc2,0xa0b86991c6218b36c1d19d4a2e9eb0ce3606eb48,0x36ab8fa0d4afae84772ab4ddf388c3af9d740852,1008807254,375960389790954942,0x05c45c965a96af8b846cc3025066d5680f31ca52,false,1.000942,WETH,USDC,0.3759603897909549,1008.807254
ethereum,0x87870bca3f3fd6335c3f4ce8392d69350b4fa4e2,0x54f0fa853341b55bb1c6477ad386fb95961fa7251a6c9017d35f305d33d23387,,,293,2025-02-02 22:43:23.000 UTC,21761881,,0xc02aaa39b223fe8d0a0e5c4f27ead9083c756cc2,0xdac17f958d2ee523a2206206994597c13d831ec7,0x50cbab3cf6173e8c6a11201c94784adfb727d131,1945222004,724881782079707429,0x9d6b911199b891c55a93e4bc635bf59e33d002d8,false,1.001181,WETH,USDT,0.7248817820797074,1945.222004
ethereum,0x87870bca3f3fd6335c3f4ce8392d69350b4fa4e2,0x9743e5d94dacb6b7d31fb48ec633d3958d799d1f5df76e649901aefcae214fef,,,433,2025-02-02 22:43:23.000 UTC,21761881,,0xc02aaa39b223fe8d0a0e5c4f27ead9083c756cc2,0xa0b86991c6218b36c1d19d4a2e9eb0ce3606eb48,0x7a3b83e8be9d0d990f238dd9635fe13b858d76e2,1174641159,437763057562370660,0x681d0d7196a036661b354fa2a7e3b73c2adc43ec,false,1.000942,WETH,USDC,0.43776305756237066,1174.641159
ethereum,0x87870bca3f3fd6335c3f4ce8392d69350b4fa4e2,0x4498ce0fb417345201ab8c4062d6cf5e29944e155339832e06746e5e75cf9dba,,,469,2025-02-02 22:43:35.000 UTC,21761882,,0xc02aaa39b223fe8d0a0e5c4f27ead9083c756cc2,0xdac17f958d2ee523a2206206994597c13d831ec7,0xd2d1cfd4c2c4ecb21d1f1703b33728b880e200dc,1017621112,379213788262541958,0x05c45c965a96af8b846cc3025066d5680f31ca52,false,1.001181,WETH,USDT,0.37921378826254193,1017.621112
ethereum,0x87870bca3f3fd6335c3f4ce8392d69350b4fa4e2,0x4498ce0fb417345201ab8c4062d6cf5e29944e155339832e06746e5e75cf9dba,,,490,2025-02-02 22:43:35.000 UTC,21761882,,0xc02aaa39b223fe8d0a0e5c4f27ead9083c756cc2,0xdc035d45d973e3ec169d2276ddab16f1e407384f,0x1b82ee88a4921827b9c2e5ab24c9df260f2297cf,1108640816269936310671,413241234641458277,0x05c45c965a96af8b846cc3025066d5680f31ca52,false,1.00202,WETH,USDS,0.4132412346414583,1108.6408162699363
ethereum,0x87870bca3f3fd6335c3f4ce8392d69350b4fa4e2,0xee2d1f38fbaa3456e1f6122729d630745e417888e18554d6e0d03c93d128b706,,,451,2025-02-02 22:43:47.000 UTC,21761883,,0xc02aaa39b223fe8d0a0e5c4f27ead9083c756cc2,0x2260fac5e5542a773aa44fbcfedf7c193bc2c599,0xadcbe46e36c504d20c80349048ffb47c328ba47a,783379,282707036662285743,0x681d0d7196a036661b354fa2a7e3b73c2adc43ec,false,97056.36,WETH,WBTC,0.28270703666228575,0.00783379
ethereum,0x87870bca3f3fd6335c3f4ce8392d69350b4fa4e2,0x94020615fbc6ce8dd2c43c531236e27864d813ce2b0e144ae30c079eedd188e8,,,287,2025-02-02 22:43:47.000 UTC,21761883,,0xc02aaa39b223fe8d0a0e5c4f27ead9083c756cc2,0xa0b86991c6218b36c1d19d4a2e9eb0ce3606eb48,0x121aed99754de24bd9ad8fa7d84dbb22fd16fce2,923947108,344334870206936025,0xeffca1adb9bc329b7bc53b1d3b2d3ed46e11f2dc,false,1.000942,WETH,USDC,0.344334870206936,923.947108
ethereum,0x87870bca3f3fd6335c3f4ce8392d69350b4fa4e2,0xa7a022b620ff4f898e4fdb562f34c9b9df44ea4c314f649f829069554e1ae4f6,,,403,2025-02-02 23:26:47.000 UTC,21762098,,0xc02aaa39b223fe8d0a0e5c4f27ead9083c756cc2,0xdac17f958d2ee523a2206206994597c13d831ec7,0xb23eb65b2eff4ddc9e16f69ba9c8de5a468742ca,4663839990,1745549820153216512,0x00000000009e50a7ddb7a7b0e2ee6604fd120e49,false,1.000742,WETH,USDT,1.7455498201532165,4663.83999
