time,block_number,mev_value,mev_value_usd,cumulative_mev_value_usd,collateral_symbol,debt_symbol,collateral_amount,debt_amount,collateral_price,debt_price,collateral_value_usd,cumulative_collateral_value_usd,debt_value_usd,cumulative_debt_value_usd,collateral_asset,debt_asset,hash,liquidator
2025-02-02 03:12:23.000 UTC,21756070,0.042571206400170515,112.1500118526732,2293.147107984559,WETH,USDT,1.0450111619873252,3101.724834,2634.41,1.001142,2752.9878552510295,54663.41436545381,3105.267003760428,61628.75732976451,0xc02aaa39b223fe8d0a0e5c4f27ead9083c756cc2,0xdac17f958d2ee523a2206206994597c13d831ec7,0x8dbfceecb8f1a053e94020519107e4d17ade872e0c6dc74d0d06df80ce067a7c,0x03bd055aaa45286465e668ad22adc0320ca00003
2025-02-02 03:12:23.000 UTC,21756070,0.8278882543460911,2180.997096131886,2293.147107984559,WETH,USDC,19.704763689100325,58474.430279,2634.41,1.000839,51910.426510202786,54663.41436545381,58523.49032600408,61628.75732976451,0xc02aaa39b223fe8d0a0e5c4f27ead9083c756cc2,0xa0b86991c6218b36c1d19d4a2e9eb0ce3606eb48,0x1bf4b5da231744195d9465b7dc79851a60ba608973c44acd75b59320569ae695,0x03bd055aaa45286465e668ad22adc0320ca00003
2025-02-02 03:18:23.000 UTC,21756100,0.7584514139355223,1998.071989385879,4291.219097370438,WETH,USDT,18.05778170578303,53305.337524,2634.41,1.001142,47571.60070353187,102235.01506898568,53366.21221945241,114994.96954921691,0xc02aaa39b223fe8d0a0e5c4f27ead9083c756cc2,0xdac17f958d2ee523a2206206994597c13d831ec7,0x61906295ef1bd5f0346e0022c1f565d78e107e799059ad8db5f633b77393a791,0xb441dea845a1a03a3e7aee81c03662fd9a1b6fda
2025-02-02 03:43:47.000 UTC,21756227,0.000034944590042538,0.09205837745396252,4291.311155747892,WETH,GHO,0.025303445074645423,74.68076455421668,2634.41,1.000303,66.65964873909664,102301.67471772477,74.7033928258766,115069.67294204279,0xc02aaa39b223fe8d0a0e5c4f27ead9083c756cc2,0x40d16fc0246ad3160ccc09b8d0d3a2cd28ae6c2f,0xe91c56dc1ec77601d08e08501ff387d019ed0bf89bad5d3216bdab4a6a580625,0xbbf4fa564a9d9f83f7bd2080262831d129b4b867
2025-02-02 04:41:11.000 UTC,21756512,0.00000842651743978,0.02219890180853083,4291.333354649701,WETH,USDC,0.01822556669127143,54.062723,2634.41,1.000839,48.013615147152365,102349.68833287193,54.108081624597,115123.78102366738,0xc02aaa39b223fe8d0a0e5c4f27ead9083c756cc2,0xa0b86991c6218b36c1d19d4a2e9eb0ce3606eb48,0xbcf632b837edcba92a02f98d5091a8b534ff2dd1dfb48e05362aa2c7278fe578,0xbbf4fa564a9d9f83f7bd2080262831d129b4b867
2025-02-02 11:36:47.000 UTC,21758570,0.3096608828971272,815.7737265130207,5107.107081162721,WETH,USDT,7.204039088003548,21132.57778,2634.41,1.001142,18978.392613827426,121328.08094669935,21156.71118382476,136280.49220749215,0xc02aaa39b223fe8d0a0e5c4f27ead9083c756cc2,0xdac17f958d2ee523a2206206994597c13d831ec7,0x24a6e7e6eef3b30b3c15c138f0e090688325c19ca3a90b56633b6cce3cffa625,0x03bd055aaa45286465e668ad22adc0320ca00003
2025-02-02 16:36:59.000 UTC,21760062,0.05052043704444704,133.0915445542617,5240.198625716983,WETH,USDT,1.2606797641571459,3665.64867,2634.41,1.001142,3321.1473774932265,124649.22832419258,3669.83484078114,139950.3270482733,0xc02aaa39b223fe8d0a0e5c4f27ead9083c756cc2,0xdac17f958d2ee523a2206206994597c13d831ec7,0x3aa6926dd9dbb827f8b6078f17d8c9015bd036d01d92f5c0802e17b3677732dd,0x681d0d7196a036661b354fa2a7e3b73c2adc43ec
2025-02-02 16:48:59.000 UTC,21760120,1.142970661507372,3011.0533403816357,8251.251966098618,WETH,USDC,28.700392355559817,83444.555776,2634.41,1.000839,75608.60062541033,200257.8289496029,83514.56575829606,223464.89280656935,0xc02aaa39b223fe8d0a0e5c4f27ead9083c756cc2,0xa0b86991c6218b36c1d19d4a2e9eb0ce3606eb48,0xf5deca5cd92b6570f321b18c282215781bd2e4d09e7037ff60509a8a005b8765,0xe08d97e151473a848c3d9ca3f323cb720472d015
2025-02-02 16:49:35.000 UTC,21760123,0.02374176220039387,62.54553575833962,8313.797501856958,WETH,USDS,0.7506321213086418,2171.389658901987,2634.41,1.000923,1977.472766696699,202235.3017162996,2173.3938515571535,225638.2866581265,0xc02aaa39b223fe8d0a0e5c4f27ead9083c756cc2,0xdc035d45d973e3ec169d2276ddab16f1e407384f,0xd10e19956fc55aedb7d1354d17fb819430c9473060f71126dac33b9042b60a43,0x9d6b911199b891c55a93e4bc635bf59e33d002d8
2025-02-02 16:57:35.000 UTC,21760163,0.25906850018264194,682.4926475661537,46670.21468515446,WETH,USDT,6.102466567854307,17563.417723,2634.41,1.001142,16076.398951021065,1113774.6338713993,17583.475146039666,1222252.7060705891,0xc02aaa39b223fe8d0a0e5c4f27ead9083c756cc2,0xdac17f958d2ee523a2206206994597c13d831ec7,0x1c37b67ebe2d52d0b7acc0a852cc78cf8d4e3ac716af17a5aa2aab96f8ca39a1,0x13cf8829d2eaf6a70a33c6b9bb67b6c2f5d135be
2025-02-02 16:57:35.000 UTC,21760163,0.013399990172084373,35.301068109240795,46670.21468515446,WETH,USDT,0.4322925370974638,1244.174683,2634.41,1.001142,1138.8357826549295,1113774.6338713993,1245.595530487986,1222252.7060705891,0xc02aaa39b223fe8d0a0e5c4f27ead9083c756cc2,0xdac17f958d2ee523a2206206994597c13d831ec7,0x4f1d073bf713d5ba6996ad5ef7643388215d0753b03b2106841b82497f9fcf2b,0x13cf8829d2eaf6a70a33c6b9bb67b6c2f5d135be
2025-02-02 16:57:35.000 UTC,21760163,14.287306633220382,37638.62346762211,46670.21468515446,WETH,USDC,339.4779466451402,976965.674535,2634.41,1.000839,894324.0974214238,1113774.6338713993,977785.3487359349,1222252.7060705891,0xc02aaa39b223fe8d0a0e5c4f27ead9083c756cc2,0xa0b86991c6218b36c1d19d4a2e9eb0ce3606eb48,0x5b9dd22f2a11b78fb2773ab68a8be65e93fc434c87d6ac2b96b8e71706196cfb,0x13cf8829d2eaf6a70a33c6b9bb67b6c2f5d135be
2025-02-02 17:35:59.000 UTC,21760353,0.05934223859658184,156.33178678122115,46974.161650130525,WETH,USDC,1.638515627405073,4680.431883,2634.41,1.000839,4316.521953992198,1122958.9228041049,4684.358765349837,1232220.1022298238,0xc02aaa39b223fe8d0a0e5c4f27ead9083c756cc2,0xa0b86991c6218b36c1d19d4a2e9eb0ce3606eb48,0xff0806cd832ec1082bd108141a81c15265ee960185d911576231804c4e812653,0x03bd055aaa45286465e668ad22adc0320ca00003
2025-02-02 17:35:59.000 UTC,21760353,0.006308356846616005,16.61879836029367,46974.161650130525,WETH,USDT,0.4163102315809662,1189.291484,2634.41,1.001142,1096.731837179213,1122958.9228041049,1190.649654874728,1232220.1022298238,0xc02aaa39b223fe8d0a0e5c4f27ead9083c756cc2,0xdac17f958d2ee523a2206206994597c13d831ec7,0x3a98d7dd0898429618d30a8d1dfe07b680067ec4dc3ed029ddcc5d0494baef19,0xeffca1adb9bc329b7bc53b1d3b2d3ed46e11f2dc
2025-02-02 17:35:59.000 UTC,21760353,0.04972513004222798,130.9963798345458,46974.161650130525,WETH,USDC,1.431453396219203,4088.957104,2634.41,1.000839,3771.0351415338305,1122958.9228041049,4092.387739010256,1232220.1022298238,0xc02aaa39b223fe8d0a0e5c4f27ead9083c756cc2,0xa0b86991c6218b36c1d19d4a2e9eb0ce3606eb48,0x56381b4c0f656aff2e04703f90d983c7e1fdceb0343168953efdf62390c4d933,0x03bd055aaa45286465e668ad22adc0320ca00003
2025-02-02 18:38:11.000 UTC,21760664,0,0,46974.161650130525,WETH,USDC,0.21247215849099993,600.926131,2634.41,1.000839,559.7387790502751,1123983.2145428222,601.4303080239091,1233320.8795886922,0xc02aaa39b223fe8d0a0e5c4f27ead9083c756cc2,0xa0b86991c6218b36c1d19d4a2e9eb0ce3606eb48,0xf5b7198271b115d508cdc84f49c15aaf204a84b8066772e55811cd887d5fd18f,0x00000000009e50a7ddb7a7b0e2ee6604fd120e49
2025-02-02 18:38:11.000 UTC,21760664,0,0,46974.161650130525,WETH,USDT,0.17634041765220582,498.777447,2634.41,1.001142,464.5529596671475,1123983.2145428222,499.347050844474,1233320.8795886922,0xc02aaa39b223fe8d0a0e5c4f27ead9083c756cc2,0xdac17f958d2ee523a2206206994597c13d831ec7,0xf5b7198271b115d508cdc84f49c15aaf204a84b8066772e55811cd887d5fd18f,0x00000000009e50a7ddb7a7b0e2ee6604fd120e49
2025-02-02 18:38:59.000 UTC,21760668,0.5011650657751164,1320.2742609286245,50845.45781436097,WETH,USDC,14.477886888056545,40599.314319,2634.41,1.000839,38140.68999676504,1219598.7237752054,40633.37714371364,1335207.0601337827,0xc02aaa39b223fe8d0a0e5c4f27ead9083c756cc2,0xa0b86991c6218b36c1d19d4a2e9eb0ce3606eb48,0x75e55fa48285b1b0de9150f6760cf2b5c7eec4bd5d9aafd732b1bd5fc155c1cb,0x8ce45e650ab17b6ca0dd6071f7c2b5c69b5b42b2
2025-02-02 18:38:59.000 UTC,21760668,0.6608534178784505,1740.9588525931688,50845.45781436097,WETH,USDT,14.475680417572681,40596.480985,2634.41,1.001142,38134.87724885764,1219598.7237752054,40642.84216628487,1335207.0601337827,0xc02aaa39b223fe8d0a0e5c4f27ead9083c756cc2,0xdac17f958d2ee523a2206206994597c13d831ec7,0x69f4b7e10118f8cb5a2352121fea796b4315c0e1a84c3bffc5c0cb69cc4a4697,0xb441dea845a1a03a3e7aee81c03662fd9a1b6fda
2025-02-02 18:38:59.000 UTC,21760668,0.23343127722347393,614.9536910302919,50845.45781436097,WETH,USDT,5.598974091009846,15702.104403,2634.41,1.001142,14749.993335097248,1219598.7237752054,15720.036206228226,1335207.0601337827,0xc02aaa39b223fe8d0a0e5c4f27ead9083c756cc2,0xdac17f958d2ee523a2206206994597c13d831ec7,0xa829516981da0cb843cc7c534741ad3d9fc1a504a4b79395ab77488981da1d22,0xb441dea845a1a03a3e7aee81c03662fd9a1b6fda
2025-02-02 18:38:59.000 UTC,21760668,0.07406188090629838,195.1093596783615,50845.45781436097,WETH,USDC,1.7423061147138683,4885.825821,2634.41,1.000839,4589.9486516633615,1219598.7237752054,4889.9250288638195,1335207.0601337827,0xc02aaa39b223fe8d0a0e5c4f27ead9083c756cc2,0xa0b86991c6218b36c1d19d4a2e9eb0ce3606eb48,0xf9883ea01c6568e7d454beb235acecb2fd10372355b7137a82f493705300b7fa,0xb441dea845a1a03a3e7aee81c03662fd9a1b6fda
2025-02-02 18:39:11.000 UTC,21760669,0,0,50848.346793288016,WETH,USDT,0.7912172879685565,2218.938016,2634.41,1.001142,2084.3907355972447,1224595.6740352544,2221.472043214272,1340531.8068057736,0xc02aaa39b223fe8d0a0e5c4f27ead9083c756cc2,0xdac17f958d2ee523a2206206994597c13d831ec7,0x717dcbe8c37fb90996e0a0694db4ce6a477e53ecc644f1da4acd7e73d3c8c393,0x05c45c965a96af8b846cc3025066d5680f31ca52
2025-02-02 18:39:11.000 UTC,21760669,0.001096632235319252,2.8889789270473907,50848.346793288016,WETH,USDT,0.33707389067992516,945.310576,2634.41,1.001142,887.9908283461016,1224595.6740352544,946.390120677792,1340531.8068057736,0xc02aaa39b223fe8d0a0e5c4f27ead9083c756cc2,0xdac17f958d2ee523a2206206994597c13d831ec7,0x6c196430c21cff40702caa3eba208271819b772d109af31506d0952554953c2b,0xeffca1adb9bc329b7bc53b1d3b2d3ed46e11f2dc
2025-02-02 18:39:11.000 UTC,21760669,0,0,50848.346793288016,WETH,USDC,0.7685093421698637,2155.076399,2634.41,1.000839,2024.5686961057104,1224595.6740352544,2156.884508098761,1340531.8068057736,0xc02aaa39b223fe8d0a0e5c4f27ead9083c756cc2,0xa0b86991c6218b36c1d19d4a2e9eb0ce3606eb48,0x717dcbe8c37fb90996e0a0694db4ce6a477e53ecc644f1da4acd7e73d3c8c393,0x05c45c965a96af8b846cc3025066d5680f31ca52
2025-02-02 19:16:35.000 UTC,21760855,0.11200889192747432,295.0773449826576,57981.24090880752,WETH,GHO,3.533336380877293,9827.003053257557,2634.41,1.000303,9308.256695146949,1392281.0735434883,9829.980635182694,1517731.91180508,0xc02aaa39b223fe8d0a0e5c4f27ead9083c756cc2,0x40d16fc0246ad3160ccc09b8d0d3a2cd28ae6c2f,0xccf12c7fb07286dbe18eb98b07443a55c01bc529cdd396f807ddaa204da31ec1,0xed0c66f41b1f588f61629ae7be979f004363f8a4
2025-02-02 19:16:35.000 UTC,21760855,0.023973083549708223,63.15493103418684,57981.24090880752,WETH,USDC,0.9537131618812269,2652.517565,2634.41,1.000839,2512.4714907915227,1392281.0735434883,2654.743027237035,1517731.91180508,0xc02aaa39b223fe8d0a0e5c4f27ead9083c756cc2,0xa0b86991c6218b36c1d19d4a2e9eb0ce3606eb48,0x61b14031516e7a2249dacf9ca08c7816dab6bd8a2f18fd18ae69533c8e2b8a81,0xed0c66f41b1f588f61629ae7be979f004363f8a4
2025-02-02 19:16:35.000 UTC,21760855,2.146293354131437,5654.216675057399,57981.24090880752,WETH,USDT,47.117746912011,131057.201643,2634.41,1.001142,124127.46364247089,1392281.0735434883,131206.8689672763,1517731.91180508,0xc02aaa39b223fe8d0a0e5c4f27ead9083c756cc2,0xdac17f958d2ee523a2206206994597c13d831ec7,0xba3c6b251a508d6018f9d5612016e7092f8a362f7fbd745f465990436c47e868,0xed0c66f41b1f588f61629ae7be979f004363f8a4
2025-02-02 19:16:35.000 UTC,21760855,0.12381375801228485,326.1762022451433,57981.24090880752,WETH,USDT,3.23630339848011,9001.722172,2634.41,1.001142,8525.750035989986,1392281.0735434883,9012.002138720423,1517731.91180508,0xc02aaa39b223fe8d0a0e5c4f27ead9083c756cc2,0xdac17f958d2ee523a2206206994597c13d831ec7,0x153f6e3b726bc91c77288276e53ce8feb7bf5c6891cb78936a1d0c5267861c2e,0xed0c66f41b1f588f61629ae7be979f004363f8a4
2025-02-02 19:16:35.000 UTC,21760855,0.05442348383074539,143.37377003855397,57981.24090880752,WETH,USDC,1.55372199113106,4321.293904,2634.41,1.000839,4093.1407506555756,1392281.0735434883,4324.919469585457,1517731.91180508,0xc02aaa39b223fe8d0a0e5c4f27ead9083c756cc2,0xa0b86991c6218b36c1d19d4a2e9eb0ce3606eb48,0xb3f9d3d947e805fdff0fb81886dec91db2d8bc179d905d13de7d011b5600178a,0xed0c66f41b1f588f61629ae7be979f004363f8a4
2025-02-02 19:16:35.000 UTC,21760855,0.0388992286395154,102.47651692022576,57981.24090880752,WETH,WBTC,1.5715141707017064,0.04502556,2634.41,96368.01,4140.012646438282,1392281.0735434883,4339.023616335599,1517731.91180508,0xc02aaa39b223fe8d0a0e5c4f27ead9083c756cc2,0x2260fac5e5542a773aa44fbcfedf7c193bc2c599,0x11c84506746f4c182136ee3d8cbda26fdbf88d188b644a9a5151ce01eb7e4b0a,0xed0c66f41b1f588f61629ae7be979f004363f8a4
2025-02-02 19:16:35.000 UTC,21760855,0.17848083788937716,470.1917041441541,57981.24090880752,WETH,USDT,4.516693697241411,12563.105739,2634.41,1.001142,11898.823042949745,1392281.0735434883,12577.452805753937,1517731.91180508,0xc02aaa39b223fe8d0a0e5c4f27ead9083c756cc2,0xdac17f958d2ee523a2206206994597c13d831ec7,0x523d0262da1886e18d716b69967178b4edc5f5d26d7a55f3231950791a9dba74,0xed0c66f41b1f588f61629ae7be979f004363f8a4
2025-02-02 19:16:35.000 UTC,21760855,0.02969430388481029,78.22697109718307,57981.24090880752,WETH,USDT,1.1689453060802752,3251.401239,2634.41,1.001142,3079.481203790938,1392281.0735434883,3255.114339214938,1517731.91180508,0xc02aaa39b223fe8d0a0e5c4f27ead9083c756cc2,0xdac17f958d2ee523a2206206994597c13d831ec7,0x62af616f171248fe59f7f5b54619dcb60f902719ea3f9f70966c6fc732c447d1,0xed0c66f41b1f588f61629ae7be979f004363f8a4
2025-02-02 19:16:47.000 UTC,21760856,0,0,57994.12796699905,WETH,USDC,0.5013273098562233,1394.31807,2634.41,1.000839,1320.701678358333,1396488.206490587,1395.4879028607302,1522178.4538272088,0xc02aaa39b223fe8d0a0e5c4f27ead9083c756cc2,0xa0b86991c6218b36c1d19d4a2e9eb0ce3606eb48,0x6559b50b00ab9c0a6be96a01166eed12fcd6c4c63a001cea9caccdd33e1cb636,0x00000000009e50a7ddb7a7b0e2ee6604fd120e49
2025-02-02 19:16:47.000 UTC,21760856,0.00489181949336759,12.887058191522513,57994.12796699905,WETH,USDT,0.45337193575653234,1261.046232,2634.41,1.001142,1194.3675612763664,1396488.206490587,1262.486346796944,1522178.4538272088,0xc02aaa39b223fe8d0a0e5c4f27ead9083c756cc2,0xdac17f958d2ee523a2206206994597c13d831ec7,0x4e5a81031768f069c5877294252823b30fb53ff372ee0c59f9b3dc79875ad988,0x681d0d7196a036661b354fa2a7e3b73c2adc43ec
2025-02-02 19:16:47.000 UTC,21760856,0,0,57994.12796699905,WETH,USDT,0.6422932297797396,1786.527558,2634.41,1.001142,1692.0637074640435,1396488.206490587,1788.567772471236,1522178.4538272088,0xc02aaa39b223fe8d0a0e5c4f27ead9083c756cc2,0xdac17f958d2ee523a2206206994597c13d831ec7,0x9004f7d2c23148e56eb2f29bd0dace30406287e2a9a2da0db5d8a3e382a81403,0x05c45c965a96af8b846cc3025066d5680f31ca52
2025-02-02 19:42:59.000 UTC,21760986,0,0,57994.12796699905,WETH,1INCH,1.475145807637302,15167.190736911012,2634.41,0.259282,3886.138867097785,1400374.3453576847,3932.5795486477614,1526111.0333758567,0xc02aaa39b223fe8d0a0e5c4f27ead9083c756cc2,0x111111111117dc0aa78b770fa6a738034120c302,0x6fd512a7a86477ae1c1fb9b9a5dff24da705ef7dbba4fa2367749af09ef13f0c,0x00000000009e50a7ddb7a7b0e2ee6604fd120e49
2025-02-02 20:18:47.000 UTC,21761163,0.00008470298066458,0.22314237929257616,57994.35110937834,WETH,USDT,0.14422504471131162,410.644431,2634.41,1.001142,379.94790003792644,1400754.2932577226,411.11338694020196,1526522.146762797,0xc02aaa39b223fe8d0a0e5c4f27ead9083c756cc2,0xdac17f958d2ee523a2206206994597c13d831ec7,0xca4506de087e686cdba2c663bf39310e16ceaed128e3960002adc59f17e7c901,0xbbf4fa564a9d9f83f7bd2080262831d129b4b867
2025-02-02 20:36:47.000 UTC,21761252,0,0,57994.35110937834,WETH,USDT,0.11830826985990127,335.029138,2634.41,1.001142,311.6724892016225,1401065.9657469243,335.411741275596,1526857.5585040725,0xc02aaa39b223fe8d0a0e5c4f27ead9083c756cc2,0xdac17f958d2ee523a2206206994597c13d831ec7,0x1198a55c85a80c499c98e56396e6058ec1f09141ae2c410b2510d671d81662b8,0x00000000009e50a7ddb7a7b0e2ee6604fd120e49
2025-02-02 20:36:59.000 UTC,21761253,0,0,57994.35110937834,WETH,USDT,0.11125163783337198,315.045942,2634.41,1.001142,293.08242722461347,1401359.048174149,315.405724465764,1527172.9642285383,0xc02aaa39b223fe8d0a0e5c4f27ead9083c756cc2,0xdac17f958d2ee523a2206206994597c13d831ec7,0x094d788b962cd73b2c6414b7554886d4a2850630501aa773cc3d96b6ec9a0f56,0x81463b0f960f247f704377661ec81c1fd65b5128
2025-02-02 21:01:11.000 UTC,21761374,0,0,57994.35110937834,WETH,USDe,0.2156738092426378,606.9518480139774,2634.41,1.001321,568.1732398068974,1402588.4424516556,607.7536314052038,1528488.1732394015,0xc02aaa39b223fe8d0a0e5c4f27ead9083c756cc2,0x4c9edd5852cd905f086c759e8383e09bff1e68b3,0x9631afde389f4f735c1be0bfdf8f6deba543c06a0dc095ec28237652632c4348,0x00000000009e50a7ddb7a7b0e2ee6604fd120e49
2025-02-02 21:01:11.000 UTC,21761374,0,0,57994.35110937834,WETH,USDT,0.2509939750075897,706.648387,2634.41,1.001142,661.2210376997443,1402588.4424516556,707.455379457954,1528488.1732394015,0xc02aaa39b223fe8d0a0e5c4f27ead9083c756cc2,0xdac17f958d2ee523a2206206994597c13d831ec7,0x9631afde389f4f735c1be0bfdf8f6deba543c06a0dc095ec28237652632c4348,0x00000000009e50a7ddb7a7b0e2ee6604fd120e49
2025-02-02 21:05:23.000 UTC,21761395,0.000099766415955049,0.26282564385614066,57994.61393502219,WETH,USDC,0.08042927214805981,226.421848,2634.41,1.000839,211.88367883957022,1402800.3261304952,226.611815930472,1528714.7850553321,0xc02aaa39b223fe8d0a0e5c4f27ead9083c756cc2,0xa0b86991c6218b36c1d19d4a2e9eb0ce3606eb48,0x0099cab7dbb47b8711e8b528b05170779ffff90e5b9ae4ca28d91da35ac281a1,0xbbf4fa564a9d9f83f7bd2080262831d129b4b867
2025-02-02 21:10:47.000 UTC,21761422,0.0001431136280408,0.3770199728469639,57994.99095499504,WETH,USDT,0.07441737759984925,209.51467,2634.41,1.001142,196.04588372281884,1402996.372014218,209.75393575313998,1528924.5389910853,0xc02aaa39b223fe8d0a0e5c4f27ead9083c756cc2,0xdac17f958d2ee523a2206206994597c13d831ec7,0x4d3460b5290de9ef6f882250f2489120c99d640bac5b7238fe5e1fde1aecf8ad,0x681d0d7196a036661b354fa2a7e3b73c2adc43ec
2025-02-02 21:10:59.000 UTC,21761423,0.000090885370568874,0.23942932908034734,57995.23038432412,WETH,USDT,0.07094635050077805,199.742341,2634.41,1.001142,186.90177522275468,1403183.2737894407,199.970446753422,1529124.5094378386,0xc02aaa39b223fe8d0a0e5c4f27ead9083c756cc2,0xdac17f958d2ee523a2206206994597c13d831ec7,0x687ef8c5bb76e856ba3b7d6aa40c2372bd0c09cb9a81e6bf706bac10876ef626,0x681d0d7196a036661b354fa2a7e3b73c2adc43ec
2025-02-02 21:29:23.000 UTC,21761514,0.004289534621100898,11.300392901174417,58006.53077722529,WETH,USDC,0.19296370989723766,539.257681,2634.41,1.000839,508.3455269903818,1403691.6193164312,539.7101181943591,1529664.219556033,0xc02aaa39b223fe8d0a0e5c4f27ead9083c756cc2,0xa0b86991c6218b36c1d19d4a2e9eb0ce3606eb48,0x11404d0e3168b2a1eff9e97b80324539bab3dcd056948e6ee7515181b3a2c5c9,0xeffca1adb9bc329b7bc53b1d3b2d3ed46e11f2dc
2025-02-02 21:29:35.000 UTC,21761515,0,0,58006.53077722529,WETH,USDT,0.1808853658178505,505.545228,2634.41,1.001142,476.52621656420354,1404168.1455329955,506.122560650376,1530170.3421166833,0xc02aaa39b223fe8d0a0e5c4f27ead9083c756cc2,0xdac17f958d2ee523a2206206994597c13d831ec7,0xb1bbe2f2c556d03b69a2e0b788699e7f9d8f3d0cb399e61b7c7ff9c9fc7444b6,0x81463b0f960f247f704377661ec81c1fd65b5128
2025-02-02 21:35:11.000 UTC,21761543,0.000530867609950523,1.3985229403297572,58007.929300165626,WETH,cbBTC,0.08713789734846568,0.00250037,2634.41,96557.31,229.55694815377146,1404397.7024811492,241.4290012047,1530411.771117888,0xc02aaa39b223fe8d0a0e5c4f27ead9083c756cc2,0xcbb7c0000ab88b473b1f5afd9ef808440eed33bf,0x9c228ddb3fa8653be1713ba80c906a5457a423a06fea521ab327aa06bccde3c1,0xbbf4fa564a9d9f83f7bd2080262831d129b4b867
2025-02-02 21:42:35.000 UTC,21761580,0.16060915077932192,423.11035290455345,58812.108501501076,WETH,USDC,3.893578268905532,10810.174577,2634.41,1.000839,10257.281527387422,1424100.6027148408,10819.244313470102,1551197.5518529466,0xc02aaa39b223fe8d0a0e5c4f27ead9083c756cc2,0xa0b86991c6218b36c1d19d4a2e9eb0ce3606eb48,0x71c763ca34a9061d4cfbdaaa6dcebe39e2ae40b9b6d2859c6f3086d243710247,0xb441dea845a1a03a3e7aee81c03662fd9a1b6fda
2025-02-02 21:42:35.000 UTC,21761580,0.13225211994194894,348.4063072962697,58812.108501501076,WETH,USDT,3.1965613260201016,8875.702201,2634.41,1.001142,8421.053122880616,1424100.6027148408,8885.838252913542,1551197.5518529466,0xc02aaa39b223fe8d0a0e5c4f27ead9083c756cc2,0xdac17f958d2ee523a2206206994597c13d831ec7,0x63e2f4eb574d695942140494c335cdb7e2f9a039dfc2dca562b8799ea7410535,0xb441dea845a1a03a3e7aee81c03662fd9a1b6fda
2025-02-02 21:42:35.000 UTC,21761580,0.012398427402961156,32.6625411346349,58812.108501501076,WETH,USDC,0.3889165253030304,1079.792223,2634.41,1.000839,1024.5655834235563,1424100.6027148408,1080.698168675097,1551197.5518529466,0xc02aaa39b223fe8d0a0e5c4f27ead9083c756cc2,0xa0b86991c6218b36c1d19d4a2e9eb0ce3606eb48,0x7f819d411b4fb8f0d250be6f89ee750866cd42d9e12a6f4331286614624aed83,0xeffca1adb9bc329b7bc53b1d3b2d3ed46e11f2dc
2025-02-02 21:42:47.000 UTC,21761581,0,0,58812.108501501076,WETH,USDT,0.21638674287380288,600.828232,2634.41,1.001142,570.051399294175,1425391.1803931512,601.5143778409439,1552559.0677795545,0xc02aaa39b223fe8d0a0e5c4f27ead9083c756cc2,0xdac17f958d2ee523a2206206994597c13d831ec7,0xe261667e1d0ac924c90cb8593b163de3153ebda3b02f3a68b74b23b02e9d143b,0x81463b0f960f247f704377661ec81c1fd65b5128
2025-02-02 21:42:47.000 UTC,21761581,0,0,58812.108501501076,WETH,USDC,0.27350574854187903,759.364442,2634.41,1.000839,720.5262790162116,1425391.1803931512,760.001548766838,1552559.0677795545,0xc02aaa39b223fe8d0a0e5c4f27ead9083c756cc2,0xa0b86991c6218b36c1d19d4a2e9eb0ce3606eb48,0x7349e114c636f713bbabcde92cb76d4e203a3402619c22a5ba76de0d941a6680,0x00000000009e50a7ddb7a7b0e2ee6604fd120e49
2025-02-02 21:42:59.000 UTC,21761582,0.003354825150203949,8.837984923948785,58820.946486425026,WETH,USDT,0.19395556568208255,538.544913,2634.41,1.001142,510.9584817885351,1425902.1388749399,539.1599312906459,1553098.2277108452,0xc02aaa39b223fe8d0a0e5c4f27ead9083c756cc2,0xdac17f958d2ee523a2206206994597c13d831ec7,0xa2281b9d67d134f4125b6c1d02b0cb4d6a164aec3d14f557e94c2fec17d93b1c,0x681d0d7196a036661b354fa2a7e3b73c2adc43ec
2025-02-02 21:43:23.000 UTC,21761584,0.01198613730000371,31.576399964502773,58852.52288638953,WETH,USDT,0.3841887267730636,1066.754046,2634.41,1.001142,1012.1106236982264,1427279.2729734147,1067.972279120532,1554551.3702896957,0xc02aaa39b223fe8d0a0e5c4f27ead9083c756cc2,0xdac17f958d2ee523a2206206994597c13d831ec7,0x3234dda859e07e24f8b53684af6db102f1d77bad36efe60ce1953edcdfd9918d,0x681d0d7196a036661b354fa2a7e3b73c2adc43ec
2025-02-02 21:43:23.000 UTC,21761584,0,0,58852.52288638953,WETH,USDT,0.13855985772022816,384.730937,2634.41,1.001142,365.02347477674624,1427279.2729734147,385.17029973005396,1554551.3702896957,0xc02aaa39b223fe8d0a0e5c4f27ead9083c756cc2,0xdac17f958d2ee523a2206206994597c13d831ec7,0xa36c1d7dc61cc4f2fd00e758f66c6238e6971f13cb1194e9701b1f12bf1837d7,0x81463b0f960f247f704377661ec81c1fd65b5128
2025-02-02 22:23:11.000 UTC,21761780,0.009915367853320372,26.12114422646572,58878.644030616,WETH,DAI,0.33251733044437365,922.4177562699206,2634.41,1.000466,875.9869804959624,1428155.2599539107,922.8476029443424,1555474.21789264,0xc02aaa39b223fe8d0a0e5c4f27ead9083c756cc2,0x6b175474e89094c44da98b954eedeac495271d0f,0x953414d615b5bb4d716db2d56e2dcc7c09c6e2267405c03e3b70782413394953,0x681d0d7196a036661b354fa2a7e3b73c2adc43ec
2025-02-02 22:25:35.000 UTC,21761792,0.000092774047077151,0.24440487736051736,58878.88843549336,WETH,USDC,0.0700121380832033,194.252046,2634.41,1.000839,184.4406766877716,1428339.7006305985,194.41502346659402,1555668.6329161066,0xc02aaa39b223fe8d0a0e5c4f27ead9083c756cc2,0xa0b86991c6218b36c1d19d4a2e9eb0ce3606eb48,0x9bc7bcabab67dff36fb75d295f84d85c2b121cfe9fb4b9f0c6a8aecf98570136,0x681d0d7196a036661b354fa2a7e3b73c2adc43ec
2025-02-02 22:32:11.000 UTC,21761825,0,0,58878.88843549336,WETH,GHO,1.8604252558312682,5111.45162872455,2634.41,1.000303,4901.122898214451,1517846.2361341466,5113.000398568053,1649122.002547606,0xc02aaa39b223fe8d0a0e5c4f27ead9083c756cc2,0x40d16fc0246ad3160ccc09b8d0d3a2cd28ae6c2f,0x8253c1d42f8fa7b98532ef440e957da529e27766181cc532ffebb60fcfede570,0x8ce45e650ab17b6ca0dd6071f7c2b5c69b5b42b2
2025-02-02 22:32:11.000 UTC,21761825,0,0,58878.88843549336,WETH,USDT,9.711343332068415,26684.041456,2634.41,1.001142,25583.659987434352,1517846.2361341466,26714.51463134275,1649122.002547606,0xc02aaa39b223fe8d0a0e5c4f27ead9083c756cc2,0xdac17f958d2ee523a2206206994597c13d831ec7,0x5a30d20da507d53980fafb4b414b4928c6fdb8990cbf02012228d80d3949b730,0xb441dea845a1a03a3e7aee81c03662fd9a1b6fda
2025-02-02 22:32:11.000 UTC,21761825,0,0,58878.88843549336,WETH,USDC,4.5205052602616504,12420.051426,2634.41,1.000839,11908.864262685895,1517846.2361341466,12430.471849146414,1649122.002547606,0xc02aaa39b223fe8d0a0e5c4f27ead9083c756cc2,0xa0b86991c6218b36c1d19d4a2e9eb0ce3606eb48,0xe0930d92b514d8b51e97cb1978b0fbf662ea9d5496d5e45e11c760c957551c50,0x8ce45e650ab17b6ca0dd6071f7c2b5c69b5b42b2
2025-02-02 22:32:11.000 UTC,21761825,0,0,58878.88843549336,WETH,USDT,17.883658335343952,49139.265711,2634.41,1.001142,47112.88835521346,1517846.2361341466,49195.38275244196,1649122.002547606,0xc02aaa39b223fe8d0a0e5c4f27ead9083c756cc2,0xdac17f958d2ee523a2206206994597c13d831ec7,0x0d6a62214822bec681e68ccadcc8121419779d785b710a4d1c9c10f79b88eca8,0xb441dea845a1a03a3e7aee81c03662fd9a1b6fda
2025-02-02 22:32:23.000 UTC,21761826,0.013507246494830006,35.583625238445116,59000.36060409278,WETH,GHO,0.3527497077311895,969.1671635091083,2634.41,1.000303,929.287357544123,1520855.6105386743,969.4608211596515,1652262.0726020078,0xc02aaa39b223fe8d0a0e5c4f27ead9083c756cc2,0x40d16fc0246ad3160ccc09b8d0d3a2cd28ae6c2f,0x7e7b5b0c6e0100032f446489d1d44e9e86c35580c202c802017bb6279c853639,0x9d6b911199b891c55a93e4bc635bf59e33d002d8
2025-02-02 22:32:23.000 UTC,21761826,0.015838477713539034,41.72504407332436,59000.36060409278,WETH,USDC,0.4054157074647276,1113.876358,2634.41,1.000839,1068.031193902153,1520855.6105386743,1114.810900264362,1652262.0726020078,0xc02aaa39b223fe8d0a0e5c4f27ead9083c756cc2,0xa0b86991c6218b36c1d19d4a2e9eb0ce3606eb48,0xf6682f9311a5edf7c2922d07d6f7ca216bbffb950133321d93c447d5a7b784f1,0x9d6b911199b891c55a93e4bc635bf59e33d002d8
2025-02-02 22:32:23.000 UTC,21761826,0.016764094915992594,44.16349928764005,59000.36060409278,WETH,DAI,0.3841679363050512,1055.3065601208796,2634.41,1.000466,1012.0558530813898,1520855.6105386743,1055.798332977896,1652262.0726020078,0xc02aaa39b223fe8d0a0e5c4f27ead9083c756cc2,0x6b175474e89094c44da98b954eedeac495271d0f,0x1189b6527b792e0a2ca598b2b57d7c6d4a13e0c46b4fae8b2a1f86b7092df6cb,0x9d6b911199b891c55a93e4bc635bf59e33d002d8
2025-02-02 22:40:47.000 UTC,21761868,1.1881206837584348,3129.997010500058,82549.3108987803,WETH,USDT,31.607984924994728,85257.946443,2634.41,1.001142,83268.39156625536,2540411.652966829,85355.3110178379,2697168.5427826364,0xc02aaa39b223fe8d0a0e5c4f27ead9083c756cc2,0xdac17f958d2ee523a2206206994597c13d831ec7,0x6bf5051dc30d69697f7070906a0c4ec047579c634f332bb8bb4e251532a0ba65,0x78d0ce01d2a51d9999cd681315ae677cf4a07e4f
2025-02-02 22:40:47.000 UTC,21761868,1.4984071665729342,3947.4188236914033,82549.3108987803,WETH,USDC,194.41809478574643,524371.232617,2634.41,1.000839,512176.9730845182,2540411.652966829,524811.1800811656,2697168.5427826364,0xc02aaa39b223fe8d0a0e5c4f27ead9083c756cc2,0xa0b86991c6218b36c1d19d4a2e9eb0ce3606eb48,0x8d4fa5e8ed07fa04c3ef0b07f5595c93a5a728e2822e5a4290c3093c089d1c6a,0x9d6b911199b891c55a93e4bc635bf59e33d002d8
2025-02-02 22:40:47.000 UTC,21761868,1.432401171048714,3773.5319690224424,82549.3108987803,WETH,USDT,37.72690245585452,101762.837355,2634.41,1.001142,99388.1290987277,2540411.652966829,101879.0505152594,2697168.5427826364,0xc02aaa39b223fe8d0a0e5c4f27ead9083c756cc2,0xdac17f958d2ee523a2206206994597c13d831ec7,0xa615fdb5bb27f2a7237d49e78f75659ebbdc5f0e519931753aaac4aaed9b3602,0x78d0ce01d2a51d9999cd681315ae677cf4a07e4f
2025-02-02 22:40:47.000 UTC,21761868,4.820055531019711,12698.002491473635,82549.3108987803,WETH,USDT,123.26196327779405,332481.234996,2634.41,1.001142,324722.54867865343,2540411.652966829,332860.92856636544,2697168.5427826364,0xc02aaa39b223fe8d0a0e5c4f27ead9083c756cc2,0xdac17f958d2ee523a2206206994597c13d831ec7,0x7985b451c81094865cde378e2ff4ff97985687c683363b90c02a8fb0c291f4de,0x78d0ce01d2a51d9999cd681315ae677cf4a07e4f
2025-02-02 22:40:59.000 UTC,21761869,0,0,91159.00411164232,WETH,USDC,11.630496704569868,31368.982911,2634.41,1.000839,30639.496823485904,2788016.272689699,31395.301487662327,2950930.498493421,0xc02aaa39b223fe8d0a0e5c4f27ead9083c756cc2,0xa0b86991c6218b36c1d19d4a2e9eb0ce3606eb48,0xa50c87b63f41bea80bdbf9c2afd87ab68f3c1e67c781e2e161daaf666bf4cc3a,0xb441dea845a1a03a3e7aee81c03662fd9a1b6fda
2025-02-02 22:40:59.000 UTC,21761869,0.005102164656374312,13.44119359239905,91159.00411164232,WETH,USDT,0.4079124956208698,1100.284684,2634.41,1.001142,1074.6087575885756,2788016.272689699,1101.541209109128,2950930.498493421,0xc02aaa39b223fe8d0a0e5c4f27ead9083c756cc2,0xdac17f958d2ee523a2206206994597c13d831ec7,0x81b27e54001d9a93237d5b9860dc8c8fc334adddf3817f1d64f47bc54c972542,0x9d6b911199b891c55a93e4bc635bf59e33d002d8
2025-02-02 22:40:59.000 UTC,21761869,0.5190488124310059,1367.3873819563662,91159.00411164232,WETH,USDC,16.73869744085585,45146.473733,2634.41,1.000839,44096.59192516506,2788016.272689699,45184.35162446199,2950930.498493421,0xc02aaa39b223fe8d0a0e5c4f27ead9083c756cc2,0xa0b86991c6218b36c1d19d4a2e9eb0ce3606eb48,0x641d02e231373bcfe5ca67159fa7f2fc59233990e9defac886c027d82556d9d5,0x9d6b911199b891c55a93e4bc635bf59e33d002d8
2025-02-02 22:40:59.000 UTC,21761869,0.5323863513235855,1402.5239277903668,91159.00411164232,WETH,USDT,15.51915955981291,41860.677855,2634.41,1.001142,40883.82913596673,2788016.272689699,41908.48274911041,2950930.498493421,0xc02aaa39b223fe8d0a0e5c4f27ead9083c756cc2,0xdac17f958d2ee523a2206206994597c13d831ec7,0x3225cb2a9c80eb44867379dfe2ecda5cbc8679e079ebdcf061f0d3a64642131c,0x9d6b911199b891c55a93e4bc635bf59e33d002d8
2025-02-02 22:40:59.000 UTC,21761869,0.8981304320498147,2366.0437914963522,91159.00411164232,WETH,USDC,18.029742206882712,48628.591671,2634.41,1.000839,47497.733167233884,2788016.272689699,48669.39105941197,2950930.498493421,0xc02aaa39b223fe8d0a0e5c4f27ead9083c756cc2,0xa0b86991c6218b36c1d19d4a2e9eb0ce3606eb48,0xce3e13ea1ecbe33c5646003797340fdbe284fe59c3ca864be590d744e1169a72,0x9d6b911199b891c55a93e4bc635bf59e33d002d8
2025-02-02 22:40:59.000 UTC,21761869,0,0,91159.00411164232,WETH,USDT,5.666985114406527,15285.868888,2634.41,1.001142,14929.162255243698,2788016.272689699,15303.325350270097,2950930.498493421,0xc02aaa39b223fe8d0a0e5c4f27ead9083c756cc2,0xdac17f958d2ee523a2206206994597c13d831ec7,0x93f5a9fba9efd5fddf84b9b47b280cd2e249ae5e706f58ce4ebd50f4888d2708,0x8ce45e650ab17b6ca0dd6071f7c2b5c69b5b42b2
2025-02-02 22:40:59.000 UTC,21761869,1.3134997658020406,3460.2969180265536,91159.00411164232,WETH,USDT,25.995648990926117,70119.485778,2634.41,1.001142,68483.19765818567,2788016.272689699,70199.56223075847,2950930.498493421,0xc02aaa39b223fe8d0a0e5c4f27ead9083c756cc2,0xdac17f958d2ee523a2206206994597c13d831ec7,0x5ce8fb1dd393d8637bcc31dafa6f4b796cad95b1c1499802a0505834ba4cd9b3,0x9d6b911199b891c55a93e4bc635bf59e33d002d8
2025-02-02 22:41:11.000 UTC,21761870,0,0,92564.42514866423,WETH,USDC,9.700055913829775,26162.3296,2634.41,1.000839,25553.924299952298,2861313.289849325,26184.279794534403,3026045.3767028293,0xc02aaa39b223fe8d0a0e5c4f27ead9083c756cc2,0xa0b86991c6218b36c1d19d4a2e9eb0ce3606eb48,0xcc43b5077bb9b952a3d287f5967c015838b9617408fb8c7001607e96baa9b364,0x81463b0f960f247f704377661ec81c1fd65b5128
2025-02-02 22:41:11.000 UTC,21761870,0.18261630086751046,481.0862091683782,92564.42514866423,WETH,USDC,8.707510496166844,23485.303757,2634.41,1.000839,22939.152726206892,2861313.289849325,23505.007926852126,3026045.3767028293,0xc02aaa39b223fe8d0a0e5c4f27ead9083c756cc2,0xa0b86991c6218b36c1d19d4a2e9eb0ce3606eb48,0x2240bb6364b9c30deb4f3550724b1e2233391b9a80c4d3469075f6280eafa8e5,0xb441dea845a1a03a3e7aee81c03662fd9a1b6fda
2025-02-02 22:41:11.000 UTC,21761870,0.3508697688869739,924.3348278535329,92564.42514866423,WETH,USDT,9.415368197610345,25396.587585,2634.41,1.001142,24803.94013346667,2861313.289849325,25425.59048802207,3026045.3767028293,0xc02aaa39b223fe8d0a0e5c4f27ead9083c756cc2,0xdac17f958d2ee523a2206206994597c13d831ec7,0x55a51c161ca6124c9de5516ed12e77f83fa603d48cea230b74808d15f490da2d,0x8ce45e650ab17b6ca0dd6071f7c2b5c69b5b42b2
2025-02-02 22:41:23.000 UTC,21761871,0.27112648304599973,714.2583182012121,94052.45040159485,WETH,DAI,8.763985496576908,23633.33076788489,2634.41,1.000466,23087.93103203717,2903959.1326853666,23644.343900022726,3069734.230150745,0xc02aaa39b223fe8d0a0e5c4f27ead9083c756cc2,0x6b175474e89094c44da98b954eedeac495271d0f,0xb477e8d72ef5f2c07aec38fdc0a97e352cebdea0349f0182192739effe16edc7,0xb441dea845a1a03a3e7aee81c03662fd9a1b6fda
2025-02-02 22:41:23.000 UTC,21761871,0.15859537256844267,417.805235448031,94052.45040159485,WETH,USDT,3.9889163860421197,10759.52233,2634.41,1.001142,10508.44121655322,2903959.1326853666,10771.80970450086,3069734.230150745,0xc02aaa39b223fe8d0a0e5c4f27ead9083c756cc2,0xdac17f958d2ee523a2206206994597c13d831ec7,0xab0aee9d6cea4593a427be054ac64def275b8dc8ed6bb454aa6cb81fce24e5a4,0x8ce45e650ab17b6ca0dd6071f7c2b5c69b5b42b2
2025-02-02 22:41:23.000 UTC,21761871,0.13512008354104837,355.9616992813732,94052.45040159485,WETH,USDC,3.435103339059191,9264.92657,2634.41,1.000839,9049.470587450924,2903959.1326853666,9272.69984339223,3069734.230150745,0xc02aaa39b223fe8d0a0e5c4f27ead9083c756cc2,0xa0b86991c6218b36c1d19d4a2e9eb0ce3606eb48,0xd2276150f3165a61beffc24178cec5d16dfb840251d606ce10df3ab0de5b0726,0x8ce45e650ab17b6ca0dd6071f7c2b5c69b5b42b2
2025-02-02 22:41:35.000 UTC,21761872,0.030546573971614303,80.47219993656043,94637.90123606754,WETH,WBTC,1.1357718695508463,0.03163461,2634.41,96368.01,2992.088770863445,2919396.8328423547,3048.5644128260997,3085532.102234507,0xc02aaa39b223fe8d0a0e5c4f27ead9083c756cc2,0x2260fac5e5542a773aa44fbcfedf7c193bc2c599,0xeffd700ab3d2510fa52520433b04a7759731db9a9ef99f31d72cc712a180971d,0x9d6b911199b891c55a93e4bc635bf59e33d002d8
2025-02-02 22:41:35.000 UTC,21761872,0.06031605226474284,158.89721124676117,94637.90123606754,WETH,DAI,2.210866195609874,5961.914485685951,2634.41,1.000466,5824.328014376608,2919396.8328423547,5964.692737836282,3085532.102234507,0xc02aaa39b223fe8d0a0e5c4f27ead9083c756cc2,0x6b175474e89094c44da98b954eedeac495271d0f,0x02edf706baf9d47d9a032da1011c5cc68a2988c6efcda2ae3167ad8a8e02e215,0x9d6b911199b891c55a93e4bc635bf59e33d002d8
2025-02-02 22:41:35.000 UTC,21761872,0.13136961341984338,346.0814232893696,94637.90123606754,WETH,USDC,2.513383782990542,6778.927413,2634.41,1.000839,6621.2833717481135,2919396.8328423547,6784.614933099508,3085532.102234507,0xc02aaa39b223fe8d0a0e5c4f27ead9083c756cc2,0xa0b86991c6218b36c1d19d4a2e9eb0ce3606eb48,0x07f8eb9a505957ee4c78bd5ee1bbeb145a3f0a516668b47892cb3536f9300b39,0x9d6b911199b891c55a93e4bc635bf59e33d002d8
2025-02-02 22:41:47.000 UTC,21761873,10.341223036679983,27243.021380060112,145204.75464535435,WETH,WBTC,455.94484110343427,12.50740355,2634.41,96368.01,1201145.6488512983,5192823.659357969,1205313.5903804353,5373012.727319077,0xc02aaa39b223fe8d0a0e5c4f27ead9083c756cc2,0x2260fac5e5542a773aa44fbcfedf7c193bc2c599,0x796854520f438e193f6e7dd5789bbe2aeccf7bc43694bda8faec1b33b2d5ee93,0x00000000009e50a7ddb7a7b0e2ee6604fd120e49
2025-02-02 22:41:47.000 UTC,21761873,0.5818113280953429,1532.7295808476522,145204.75464535435,WETH,USDT,19.19530403838915,50993.701024,2634.41,1.001142,50568.300911772756,5192823.659357969,51051.93583056941,5373012.727319077,0xc02aaa39b223fe8d0a0e5c4f27ead9083c756cc2,0xdac17f958d2ee523a2206206994597c13d831ec7,0xb8ba527900c05e5e1c24ac7a069807ea791383c00346252c432925d94b0f5c4b,0x78d0ce01d2a51d9999cd681315ae677cf4a07e4f
2025-02-02 22:41:47.000 UTC,21761873,0.4753310835121872,1252.216959715341,145204.75464535435,WETH,USDT,27.27474587821323,72457.317375,2634.41,1.001142,71852.86328902372,5192823.659357969,72540.06363144224,5373012.727319077,0xc02aaa39b223fe8d0a0e5c4f27ead9083c756cc2,0xdac17f958d2ee523a2206206994597c13d831ec7,0xf7308e23cf5c36f431a0d7026ef2c8afd4321bdbb88ce049290deba69845465b,0x720ff7451a5883574dfde3be5c5d1ebfdbc9edb3
2025-02-02 22:41:47.000 UTC,21761873,5.965777037827676,15716.302686223607,145204.75464535435,WETH,USDC,303.20164160488946,805410.344085,2634.41,1.000839,798757.4366603368,5192823.659357969,806086.0833636874,5373012.727319077,0xc02aaa39b223fe8d0a0e5c4f27ead9083c756cc2,0xa0b86991c6218b36c1d19d4a2e9eb0ce3606eb48,0x88a6e14a21303be51ba2c5ba375cf5ad9fc381e616cb5947e96ec3c01ec4c595,0x78d0ce01d2a51d9999cd681315ae677cf4a07e4f
2025-02-02 22:41:47.000 UTC,21761873,1.342277588412668,3536.109501690217,145204.75464535435,WETH,USDC,45.72785319557137,121469.282889,2634.41,1.000839,120465.91373694516,5192823.659357969,121571.19561734387,5373012.727319077,0xc02aaa39b223fe8d0a0e5c4f27ead9083c756cc2,0xa0b86991c6218b36c1d19d4a2e9eb0ce3606eb48,0x7da99f57ba98fc45f668eb36b6c4d999267546eee86c9517cd169c60db29a843,0x720ff7451a5883574dfde3be5c5d1ebfdbc9edb3
2025-02-02 22:41:47.000 UTC,21761873,0.48833450402551704,1286.4733007498623,145204.75464535435,WETH,USDC,11.629421034022153,30891.838009,2634.41,1.000839,30636.6630662383,5192823.659357969,30917.75626108955,5373012.727319077,0xc02aaa39b223fe8d0a0e5c4f27ead9083c756cc2,0xa0b86991c6218b36c1d19d4a2e9eb0ce3606eb48,0xbcee3bc8a04096ed6f7afae39ba773c1a1fc4313d55b918a31c4d38b04d8075d,0x720ff7451a5883574dfde3be5c5d1ebfdbc9edb3
2025-02-02 22:41:59.000 UTC,21761874,0.17688478749811182,465.98705303290075,153246.05691258007,WETH,USDT,3.3479495451813186,8894.067935,2634.41,1.001142,8819.871761321117,5358570.308965211,8904.224960581769,5540302.756870784,0xc02aaa39b223fe8d0a0e5c4f27ead9083c756cc2,0xdac17f958d2ee523a2206206994597c13d831ec7,0x26bc1f6f3a11152e34d8adda8285fcd73685bc01aaf57b2e3da739b19f883bb9,0xb441dea845a1a03a3e7aee81c03662fd9a1b6fda
2025-02-02 22:41:59.000 UTC,21761874,0.2030983883079364,535.0444251423107,153246.05691258007,WETH,USDT,3.9778683612276717,10567.49242,2634.41,1.001142,10479.33618950179,5358570.308965211,10579.56049634364,5540302.756870784,0xc02aaa39b223fe8d0a0e5c4f27ead9083c756cc2,0xdac17f958d2ee523a2206206994597c13d831ec7,0x59e24e02a8549d25ba88074277831d32a35c8a6df1e16703cc5f7d7c44423d49,0x03bd055aaa45286465e668ad22adc0320ca00003
2025-02-02 22:41:59.000 UTC,21761874,0.5707433778429499,1503.5720620232457,153246.05691258007,WETH,USDC,11.008763710252193,29243.153569,2634.41,1.000839,29001.59720592548,5358570.308965211,29267.68857484439,5540302.756870784,0xc02aaa39b223fe8d0a0e5c4f27ead9083c756cc2,0xa0b86991c6218b36c1d19d4a2e9eb0ce3606eb48,0xd29805b75a53cfa87067b160a008e270088a8717ec45a9838280d0fecab87b2b,0x03bd055aaa45286465e668ad22adc0320ca00003
2025-02-02 22:41:59.000 UTC,21761874,0.671540782158533,1769.1137519262606,153246.05691258007,WETH,USDC,12.926395918434062,34337.060081,2634.41,1.000839,34053.42667148187,5358570.308965211,34365.86887440796,5540302.756870784,0xc02aaa39b223fe8d0a0e5c4f27ead9083c756cc2,0xa0b86991c6218b36c1d19d4a2e9eb0ce3606eb48,0x4a794fadca04214915c763a43706dd87e98b55de55e03d0b3c7a6c79282a5fad,0x03bd055aaa45286465e668ad22adc0320ca00003
2025-02-02 22:41:59.000 UTC,21761874,0.20940943813127724,551.670317907418,153246.05691258007,WETH,USDT,3.9577378537470866,10514.014284,2634.41,1.001142,10426.304179289862,5358570.308965211,10526.021288312328,5540302.756870784,0xc02aaa39b223fe8d0a0e5c4f27ead9083c756cc2,0xdac17f958d2ee523a2206206994597c13d831ec7,0x2bc5a0c0374d346bdecca473256f490e45d3d148c01a9e068edaf75c4dad24e3,0xb441dea845a1a03a3e7aee81c03662fd9a1b6fda
2025-02-02 22:41:59.000 UTC,21761874,0.3763978814029083,991.5863427466356,153246.05691258007,WETH,USDC,7.190436431291811,19100.331547,2634.41,1.000839,18942.55763895946,5358570.308965211,19116.356725167934,5540302.756870784,0xc02aaa39b223fe8d0a0e5c4f27ead9083c756cc2,0xa0b86991c6218b36c1d19d4a2e9eb0ce3606eb48,0x9b3f7a5e49e8aad68bd055263675411b3aea7f908a5c4fbd7db42e6300d47341,0x03bd055aaa45286465e668ad22adc0320ca00003
2025-02-02 22:41:59.000 UTC,21761874,0.34743207421166133,915.2785306239427,153246.05691258007,WETH,USDT,10.817104314816943,28736.412941,2634.41,1.001142,28496.6877779969,5358570.308965211,28769.22992457862,5540302.756870784,0xc02aaa39b223fe8d0a0e5c4f27ead9083c756cc2,0xdac17f958d2ee523a2206206994597c13d831ec7,0xc70b01a9c7e6742fc71d040c760de7d38661d97635f3adc1730aa0a6731d4d2d,0x720ff7451a5883574dfde3be5c5d1ebfdbc9edb3
2025-02-02 22:41:59.000 UTC,21761874,0.22122874939701373,582.8072296989869,153246.05691258007,WETH,USDC,4.302729148866253,11429.563989,2634.41,1.000839,11335.152697064745,5358570.308965211,11439.153393186773,5540302.756870784,0xc02aaa39b223fe8d0a0e5c4f27ead9083c756cc2,0xa0b86991c6218b36c1d19d4a2e9eb0ce3606eb48,0xb9e9a8446a537b7b3aada2786a65d4d4d5bac9255932ed334a1ef7ba87190826,0x03bd055aaa45286465e668ad22adc0320ca00003
2025-02-02 22:41:59.000 UTC,21761874,0.27567559875799,726.2425541240365,153246.05691258007,WETH,USDC,5.3870564891949995,14309.919292,2634.41,1.000839,14191.715485700197,5358570.308965211,14321.925314285989,5540302.756870784,0xc02aaa39b223fe8d0a0e5c4f27ead9083c756cc2,0xa0b86991c6218b36c1d19d4a2e9eb0ce3606eb48,0x56dd595ca3bbf273f91024cac2c35a9af3da093de72c691b31d9c3bb78bff438,0x03bd055aaa45286465e668ad22adc0320ca00003
2025-02-02 22:42:23.000 UTC,21761876,0.1926510873921908,507.52195113686133,154309.87125554553,WETH,USDT,2.3106361486364406,6200.597657,2634.41,1.001142,6087.162976329325,5380202.275434543,6207.6787395242945,5562272.624897085,0xc02aaa39b223fe8d0a0e5c4f27ead9083c756cc2,0xdac17f958d2ee523a2206206994597c13d831ec7,0x8d2029d858f40dd269992e3e71b2d211a73909222644cc87e0be7043eba167f3,0x9d6b911199b891c55a93e4bc635bf59e33d002d8
2025-02-02 22:42:23.000 UTC,21761876,0.16832054084227585,443.4253160002999,154309.87125554553,WETH,USDC,3.1267157387838695,8305.658194,2634.41,1.000839,8237.051209409614,5380202.275434543,8312.626641224766,5562272.624897085,0xc02aaa39b223fe8d0a0e5c4f27ead9083c756cc2,0xa0b86991c6218b36c1d19d4a2e9eb0ce3606eb48,0x47bda9dd85d35f36613619d9c73e57497ec8780b0a4be0075a4a1fb31f042f4e,0x9d6b911199b891c55a93e4bc635bf59e33d002d8
2025-02-02 22:42:23.000 UTC,21761876,0.042843397887313873,112.86707582831853,154309.87125554553,WETH,USDC,2.7739616398335643,7443.317702,2634.41,1.000839,7307.75228359394,5380202.275434543,7449.562645551979,5562272.624897085,0xc02aaa39b223fe8d0a0e5c4f27ead9083c756cc2,0xa0b86991c6218b36c1d19d4a2e9eb0ce3606eb48,0x2bea716a64eecd5c65740b1f0dde9ce1787722f1952e830c42a23147ba7ca013,0x9d6b911199b891c55a93e4bc635bf59e33d002d8
2025-02-02 22:42:35.000 UTC,21761877,0.09076606534893523,239.11503021588845,155327.2265738746,WETH,USDT,1.9620022964725417,5265.037877,2634.41,1.001142,5168.718469850228,5407368.041503354,5271.050550255533,5589964.349734284,0xc02aaa39b223fe8d0a0e5c4f27ead9083c756cc2,0xdac17f958d2ee523a2206206994597c13d831ec7,0x6dfc4bb69296a777f488a639160bae62679aba9d99ea85b86ef401ef2049e37b,0xb441dea845a1a03a3e7aee81c03662fd9a1b6fda
2025-02-02 22:42:35.000 UTC,21761877,0.06706817688697438,176.68507587281417,155327.2265738746,WETH,GHO,2.2085828304110953,5926.187805237044,2634.41,1.000303,5818.312694263293,5407368.041503354,5927.98344014203,5589964.349734284,0xc02aaa39b223fe8d0a0e5c4f27ead9083c756cc2,0x40d16fc0246ad3160ccc09b8d0d3a2cd28ae6c2f,0x5567da9f4375e5d3c11848a7752b9a9cf0dc36aba1c738f5634a712647890274,0x8ce45e650ab17b6ca0dd6071f7c2b5c69b5b42b2
2025-02-02 22:42:35.000 UTC,21761877,0.08044740698386159,211.9314534323548,155327.2265738746,WETH,USDC,2.240795910837208,6012.684397,2634.41,1.000839,5903.175155468649,5407368.041503354,6017.729039209084,5589964.349734284,0xc02aaa39b223fe8d0a0e5c4f27ead9083c756cc2,0xa0b86991c6218b36c1d19d4a2e9eb0ce3606eb48,0x988738ec9f8b6532529f718b32800c4e99aff51e7d8f6b8d3037380798de3ffa,0xeffca1adb9bc329b7bc53b1d3b2d3ed46e11f2dc
2025-02-02 22:42:35.000 UTC,21761877,0.07895923952552004,208.01101019842525,155327.2265738746,WETH,USDC,1.8018208593106793,4834.791118,2634.41,1.000839,4746.734889976647,5407368.041503354,4838.8475077480025,5589964.349734284,0xc02aaa39b223fe8d0a0e5c4f27ead9083c756cc2,0xa0b86991c6218b36c1d19d4a2e9eb0ce3606eb48,0x770817bb905009b7e4d08a0a831f073fc7d3dea43805bb9512e8ee9327091db0,0xb441dea845a1a03a3e7aee81c03662fd9a1b6fda
2025-02-02 22:42:35.000 UTC,21761877,0.06893868023944799,181.61274860960418,155327.2265738746,WETH,USDC,2.098695669714282,5631.389564,2634.41,1.000839,5528.824859252001,5407368.041503354,5636.1142998441965,5589964.349734284,0xc02aaa39b223fe8d0a0e5c4f27ead9083c756cc2,0xa0b86991c6218b36c1d19d4a2e9eb0ce3606eb48,0xa49eed11ca43b7cdc78a482f7ddc403ba393accd36f152d9d1b04215deab3c1a,0x8ce45e650ab17b6ca0dd6071f7c2b5c69b5b42b2
2025-02-02 22:42:59.000 UTC,21761879,0.03838815790551283,101.13014706786205,155428.35672094245,WETH,WBTC,0.8611843007452277,0.02386335,2634.41,96368.01,2268.712533726235,5414842.43570629,2299.6635514335,5597572.7588455705,0xc02aaa39b223fe8d0a0e5c4f27ead9083c756cc2,0x2260fac5e5542a773aa44fbcfedf7c193bc2c599,0x92d27f4dc5b376900bd8a843f989d58392c47a5b370e7c86d38502b746b223fe,0xeffca1adb9bc329b7bc53b1d3b2d3ed46e11f2dc
2025-02-02 22:42:59.000 UTC,21761879,0,0,155428.35672094245,WETH,USDT,1.1294404256058503,3030.856096,2634.41,1.001142,2975.409151620308,5414842.43570629,3034.317333661632,5597572.7588455705,0xc02aaa39b223fe8d0a0e5c4f27ead9083c756cc2,0xdac17f958d2ee523a2206206994597c13d831ec7,0x1e3a4ea81de304e2c422659279575eabed0f05f684066386c7176b7f3df40621,0x00000000009e50a7ddb7a7b0e2ee6604fd120e49
2025-02-02 22:42:59.000 UTC,21761879,0,0,155428.35672094245,WETH,USDT,0.8465927921581641,2271.833792,2634.41,1.001142,2230.272517589389,5414842.43570629,2274.4282261904636,5597572.7588455705,0xc02aaa39b223fe8d0a0e5c4f27ead9083c756cc2,0xdac17f958d2ee523a2206206994597c13d831ec7,0x966b3864cfbdb93ce42577f45ccfc50f7bd838d63e0c0eea6eda216c057b15e0,0x05c45c965a96af8b846cc3025066d5680f31ca52
2025-02-02 22:43:11.000 UTC,21761880,0,0,155504.84458142557,WETH,USDC,0.8914710832248,2392.067143,2634.41,1.000839,2348.500336358245,5422402.1588180205,2394.0740873329773,5605281.340565971,0xc02aaa39b223fe8d0a0e5c4f27ead9083c756cc2,0xa0b86991c6218b36c1d19d4a2e9eb0ce3606eb48,0xe142b743ce1c605e1f6d2298e42b297050053f0daa1b96829e78b539e3d355e1,0x05c45c965a96af8b846cc3025066d5680f31ca52
2025-02-02 22:43:11.000 UTC,21761880,0.00880624091294586,23.1992491234737,155504.84458142557,WETH,USDC,0.35142670076845284,942.97648,2634.41,1.000839,925.8020147714197,5422402.1588180205,943.76763726672,5605281.340565971,0xc02aaa39b223fe8d0a0e5c4f27ead9083c756cc2,0xa0b86991c6218b36c1d19d4a2e9eb0ce3606eb48,0x754305b5000e3c6fea5b324130e36d4cb21977f6b48af25d65c056018ac16f7d,0x42df00ac2e0000005486ac375a00b80000d12758
2025-02-02 22:43:11.000 UTC,21761880,0,0,155504.84458142557,WETH,USDT,0.6139752531036728,1647.604067,2634.41,1.001142,1617.4625465288466,5422402.1588180205,1649.485630844514,5605281.340565971,0xc02aaa39b223fe8d0a0e5c4f27ead9083c756cc2,0xdac17f958d2ee523a2206206994597c13d831ec7,0xe142b743ce1c605e1f6d2298e42b297050053f0daa1b96829e78b539e3d355e1,0x05c45c965a96af8b846cc3025066d5680f31ca52
2025-02-02 22:43:11.000 UTC,21761880,0.02022791112986142,53.28861135961822,155504.84458142557,WETH,LUSD,0.6467742029924036,1737.8181850565488,2634.41,1.000367,1703.8684281052178,5422402.1588180205,1738.4559643304647,5605281.340565971,0xc02aaa39b223fe8d0a0e5c4f27ead9083c756cc2,0x5f98805a4e8be255a32880fdec7f6728c6568ba0,0x511624ff0a1d79af9b30e8da988a3a120cd11ea9177a42b83c569d4532ba38e6,0xeffca1adb9bc329b7bc53b1d3b2d3ed46e11f2dc
2025-02-02 22:43:11.000 UTC,21761880,0,0,155504.84458142557,WETH,USDC,0.3659604184486043,981.974524,2634.41,1.000839,964.0897859651875,5422402.1588180205,982.798400625636,5605281.340565971,0xc02aaa39b223fe8d0a0e5c4f27ead9083c756cc2,0xa0b86991c6218b36c1d19d4a2e9eb0ce3606eb48,0xd0cee1a4450e799c3d84f0cb2542020bc252fd261dbffdf5c7f1f6d3397d4379,0x00000000009e50a7ddb7a7b0e2ee6604fd120e49
2025-02-02 22:43:23.000 UTC,21761881,0.012630034187120382,33.272688362891806,155580.5530219408,WETH,USDC,0.43776305756237066,1174.641159,2634.41,1.000839,1153.2473764728848,5427753.995458995,1175.626682932401,5610738.2925202595,0xc02aaa39b223fe8d0a0e5c4f27ead9083c756cc2,0xa0b86991c6218b36c1d19d4a2e9eb0ce3606eb48,0x9743e5d94dacb6b7d31fb48ec633d3958d799d1f5df76e649901aefcae214fef,0x681d0d7196a036661b354fa2a7e3b73c2adc43ec
2025-02-02 22:43:23.000 UTC,21761881,0,0,155580.5530219408,WETH,USDC,0.3759603897909549,1008.807254,2634.41,1.000839,990.4338104691894,5427753.995458995,1009.653643286106,5610738.2925202595,0xc02aaa39b223fe8d0a0e5c4f27ead9083c756cc2,0xa0b86991c6218b36c1d19d4a2e9eb0ce3606eb48,0x0c86e2c9b7b929a4a05cbab08fd5fe0d1025fac34ef9904eb5ab352518e08f02,0x05c45c965a96af8b846cc3025066d5680f31ca52
2025-02-02 22:43:23.000 UTC,21761881,0.013665648518911297,36.00092111470511,155580.5530219408,WETH,USDT,0.4929071930736907,1322.717637,2634.41,1.001142,1298.5196385052614,5427753.995458995,1324.2281805414539,5610738.2925202595,0xc02aaa39b223fe8d0a0e5c4f27ead9083c756cc2,0xdac17f958d2ee523a2206206994597c13d831ec7,0xaa967cf6305cf5afd7c787df20daaab833903d6d04431fd1de7ec14f786e60f7,0xeffca1adb9bc329b7bc53b1d3b2d3ed46e11f2dc
2025-02-02 22:43:23.000 UTC,21761881,0.002442608036579737,6.434831037646024,155580.5530219408,WETH,USDT,0.7248817820797074,1945.222004,2634.41,1.001142,1909.635815528602,5427753.995458995,1947.443447528568,5610738.2925202595,0xc02aaa39b223fe8d0a0e5c4f27ead9083c756cc2,0xdac17f958d2ee523a2206206994597c13d831ec7,0x54f0fa853341b55bb1c6477ad386fb95961fa7251a6c9017d35f305d33d23387,0x9d6b911199b891c55a93e4bc635bf59e33d002d8
2025-02-02 22:43:35.000 UTC,21761882,0,0,155580.5530219408,WETH,USDS,0.4132412346414583,1108.6408162699363,2634.41,1.000923,1088.646840951804,5429841.646895883,1109.6640917433535,5612866.739847313,0xc02aaa39b223fe8d0a0e5c4f27ead9083c756cc2,0xdc035d45d973e3ec169d2276ddab16f1e407384f,0x4498ce0fb417345201ab8c4062d6cf5e29944e155339832e06746e5e75cf9dba,0x05c45c965a96af8b846cc3025066d5680f31ca52
2025-02-02 22:43:35.000 UTC,21761882,0,0,155580.5530219408,WETH,USDT,0.37921378826254193,1017.621112,2634.41,1.001142,999.004595936723,5429841.646895883,1018.7832353099041,5612866.739847313,0xc02aaa39b223fe8d0a0e5c4f27ead9083c756cc2,0xdac17f958d2ee523a2206206994597c13d831ec7,0x4498ce0fb417345201ab8c4062d6cf5e29944e155339832e06746e5e75cf9dba,0x05c45c965a96af8b846cc3025066d5680f31ca52
2025-02-02 22:43:47.000 UTC,21761883,0.004102455432443327,10.807549615783026,155611.41430361607,WETH,WBTC,0.28270703666228575,0.00783379,2634.41,96368.01,744.7662444534922,5431493.532365758,754.9267530579,5614546.388899994,0xc02aaa39b223fe8d0a0e5c4f27ead9083c756cc2,0x2260fac5e5542a773aa44fbcfedf7c193bc2c599,0xee2d1f38fbaa3456e1f6122729d630745e417888e18554d6e0d03c93d128b706,0x681d0d7196a036661b354fa2a7e3b73c2adc43ec
2025-02-02 22:43:47.000 UTC,21761883,0.007612228946702378,20.05373205948221,155611.41430361607,WETH,USDC,0.344334870206936,923.947108,2634.41,1.000839,907.1192254218541,5431493.532365758,924.722299623612,5614546.388899994,0xc02aaa39b223fe8d0a0e5c4f27ead9083c756cc2,0xa0b86991c6218b36c1d19d4a2e9eb0ce3606eb48,0x94020615fbc6ce8dd2c43c531236e27864d813ce2b0e144ae30c079eedd188e8,0xeffca1adb9bc329b7bc53b1d3b2d3ed46e11f2dc
2025-02-02 23:26:47.000 UTC,21762098,0,0,155611.41430361607,WETH,USDT,1.7455498201532165,4663.83999,2634.41,1.001142,4598.493901709835,5436092.026267468,4669.166095268581,5619215.554995263,0xc02aaa39b223fe8d0a0e5c4f27ead9083c756cc2,0xdac17f958d2ee523a2206206994597c13d831ec7,0xa7a022b620ff4f898e4fdb562f34c9b9df44ea4c314f649f829069554e1ae4f6,0x00000000009e50a7ddb7a7b0e2ee6604fd120e49
